333,clock
1191,2085
1671,1399
1661,3475
1260,3166
1496,1499
3374,2117
2355,2829
1273,974
2488,3336
1404,1280
2719,1343
2844,3905
1615,818
1694,5309
3466,2616
1488,1263
2434,2406
1090,1161
1648,2342
3963,2994
3413,910
1927,2442
2719,6329
2244,2560
3306,3513
808,1071
1955,2131
838,1039
2863,1275
1218,2750
2312,1851
1412,1923
2971,1323
1194,1771
1911,2525
1507,1119
1658,1345
5114,2821
1632,2975
1366,2351
2457,1852
2093,3468
1701,1048
2033,2873
2370,1010
1497,1232
1120,943
11700,4147
2324,1932
1727,933
5351,1968
2209,939
1488,1732
1568,1187
1078,1193
3000,3474
3026,2959
5581,2134
1737,1455
1118,1904
1312,2043
997,1516
1433,4004
1144,1091
1290,2571
1094,1759
1338,2636
1792,1351
1057,1161
2036,1790
2322,2006
985,1033
1869,3622
870,1104
884,1248
1905,1733
5066,2973
1315,860
1838,2048
1478,1665
2089,6632
1161,1303
2562,2640
7261,4638
1591,2143
1398,2323
1631,2193
1136,1283
1030,1106
1048,3062
1291,3311
1552,1593
1675,1439
2173,1907
1557,2188
1173,3886
1990,5623
1160,2627
1309,2984
1570,2761
1467,1767
825,2319
2555,5962
899,2528
3907,2305
1848,3005
1357,1244
1433,1336
1582,1096
1114,1770
1319,1874
1043,1853
1180,8168
1205,3412
1646,3079
1276,2027
1276,853
1629,2032
1973,3322
951,956
4258,4275
1378,1611
1853,1097
1559,2278
1412,1365
1781,3982
3677,6401
1411,910
972,982
1250,1327
1021,4357
5995,4908
1684,3250
1059,937
1376,3180
2697,2862
1670,1502
763,6024
1389,2742
2124,3392
1281,1366
1939,1413
1445,1354
1198,772
1179,2062
1862,3413
1274,1471
1861,5647
1463,4852
1402,1074
1450,3186
1270,4727
1743,3029
2790,4713
1569,2084
789,1163
970,1144
1364,4563
1904,7523
1334,3617
1115,2282
2066,2050
879,831
1417,1159
914,2164
1707,1527
2574,3434
1778,1171
1347,5502
1832,1093
1055,915
1091,2120
977,1356
3424,3167
4974,2365
1144,1886
1276,2267
2194,2086
1906,1591
1428,2293
2136,2714
1276,1042
1034,3149
2209,8895
1335,854
1176,1405
1108,1811
1010,1026
1270,2247
1478,1653
2571,1594
2699,1738
646,1366
1951,1712
915,1182
811,1125
1077,1165
2540,2284
1064,848
2810,3419
1031,4261
1145,1777
1110,766
1830,6057
1412,1060
1594,3111
1060,846
912,972
2201,3633
1053,2305
1250,1626
1059,2554
1016,4404
1608,2334
1440,1879
1110,1358
979,1831
1239,1740
2452,2513
1148,3018
2362,6408
2058,4479
1465,1416
798,901
1143,722
1872,1801
1700,4217
1301,1137
1023,1271
3832,2748
1527,2724
2762,2601
1240,1124
1411,1295
1225,3930
2597,2249
2166,2104
1472,3676
1220,1344
1061,2942
2789,1750
1822,5585
1472,2005
1444,1959
887,1745
933,953
1110,1943
1521,1271
3740,5662
1024,1064
1027,1068
974,1607
1148,699
827,1846
1117,5174
973,3915
907,2558
2095,4905
5770,6922
1233,5106
1489,3852
1488,4948
1505,896
1724,2966
2450,1834
2184,2038
1677,2841
1667,1799
1129,1710
1325,2424
2088,2496
1602,1085
1452,897
829,1568
2049,6158
1259,3672
1610,1211
1282,2045
1367,2934
1442,17481
1957,2588
1299,2605
1442,1993
1154,1099
918,2825
2939,4794
1213,1649
1286,1444
1011,1129
1366,3560
1003,792
1650,3779
1345,2479
1424,1939
1681,2514
1523,4936
1175,1695
1826,2509
1878,1869
1760,2657
2274,2871
1326,1108
1478,1717
1902,4400
3205,901
843,2270
1836,2745
1514,843
1416,3383
1180,2368
1158,1998
1484,1282
8072,3497
1833,1237
1720,8223
1414,1199
2713,3963
1055,1363
1885,1150
846,753
1195,1061
727,2027
1107,3503
1578,4325
1235,1233
2599,5972
1810,7222
1008,724
1705,795
1180,2015
1858,800
1088,1548
1180,895
944,1260
1108,2395
1210,1415
1346,1807
915,1216
1058,1380
2616,2608
1088,1433
1318,3493
4099,5870
3934,2000
2169,943
836,964
975,1135
1355,1522
987,844
1654,1326
1223,3522
1034,1458
821,1379
1010,1701
1481,2605
1450,2666
1246,1070
1417,1908
1009,4650
964,847
3143,2417
2035,1747
1677,4961
1150,3406
1624,1318
1296,1180
1003,1976
1087,1683
1250,1261
1118,1097
1391,2833
1174,2255
6265,6644
1203,1395
2261,2521
1566,4233
1076,933
2469,1110
1272,1331
2362,2464
904,3813
850,1208
1889,3273
1355,1160
9584,3566
1790,2878
1656,3022
1689,1481
933,1155
2329,3525
2485,1403
1568,6079
1666,2291
1426,2414
1610,1276
1213,1072
1290,1004
804,1515
1070,2127
5348,3122
1732,3238
1218,1945
1614,4273
1384,2842
1475,4601
2266,1812
1296,1142
1260,1486
1976,1277
1690,6293
1343,1926
1363,1905
1646,1338
702,1918
982,2027
1389,1763
1373,1309
2806,2618
2286,3084
5461,4098
1391,3876
762,3759
1526,2762
1678,1815
942,4142
1604,2820
1433,1639
3592,9175
753,931
1007,993
967,1165
959,4636
1368,1565
1333,1464
3610,2846
886,2157
1247,4442
1064,1061
2825,4243
768,3357
2607,3312
1033,1209
1252,2140
1714,1223
5533,3053
1772,4176
1420,3411
1703,3396
1459,3222
1302,898
1152,922
954,2353
2839,3085
1233,1308
1408,1312
1929,1461
2964,5637
1570,6490
1149,1443
1749,1335
1423,2434
1808,5494
2693,1807
1003,3696
1233,1243
1038,691
1137,1502
3102,2511
1154,844
1051,1485
1769,1824
1208,1639
2059,1094
1357,2209
742,935
993,3121
2597,3741
1556,3634
1874,1627
2347,3030
1620,2630
1389,1951
2068,2206
1258,1334
1993,3687
1402,4179
1112,2111
2422,3421
1554,3071
1026,2516
1718,4078
802,492
1099,1498
1149,751
2642,3135
1834,1523
1321,1853
1197,3880
1407,1887
1322,2579
1533,4619
4068,1457
1443,1656
3428,1893
1691,1732
1189,1352
1156,1907
1375,3225
2013,3244
1473,4229
1355,6412
1564,1037
1403,757
1176,1612
1719,1515
2948,4653
804,964
861,1092
1182,1350
1298,1198
1930,1188
3049,5511
1586,2987
1846,3289
705,2172
1187,5764
1224,1156
3219,1653
1149,1031
1496,1808
1065,1326
3911,4176
834,1527
1076,1099
901,2041
1982,1412
1850,3515
5716,5718
2195,3483
2124,2322
1339,3164
1285,2128
1001,687
1056,1907
1656,1810
1376,2483
857,745
1065,786
1004,633
982,3079
2656,2541
2804,7706
820,4146
1501,1028
1186,1049
1556,3815
1707,8612
1537,2502
4861,1841
1177,1408
1224,2765
967,1029
1427,1401
1607,735
1622,1410
1104,5197
1508,1468
1229,1822
2352,2535
1945,1445
1099,1347
1909,730
1957,1769
2608,2674
1734,782
1914,2525
937,1227
1239,1719
860,1334
882,2071
2213,11154
1201,2015
1182,1928
1395,2185
1320,4989
1378,1224
811,950
1118,1641
1429,1213
1299,3279
696,1702
1754,1398
3595,2506
2244,2894
3377,2560
2599,2815
553,1180
1604,3856
1797,2651
1771,2856
1208,1470
1454,2762
2168,2082
3130,2913
887,1277
1426,2746
2084,2778
937,2381
3491,3993
1513,3556
1873,5036
1122,1304
999,577
1469,6130
1924,826
1431,2971
758,1428
1384,2912
1583,1138
1111,703
1683,5073
946,2564
1144,1667
1288,1765
1894,2820
1914,3421
1320,2661
948,6613
2166,3671
1238,14746
1017,677
1469,1757
1369,690
629,2096
892,1023
2611,4906
1245,3820
1331,1706
708,745
1494,3510
1062,1895
2244,3975
1348,2538
1380,2097
1000,1911
1946,2470
10232,4297
2134,2566
1001,1398
1732,4885
1290,2656
1306,3583
1205,1351
899,916
1418,3178
1584,1046
2091,2484
721,1378
1459,2896
3071,1127
1041,972
1593,2365
2610,1326
1529,4507
1285,2985
1021,1043
1202,1323
2731,6211
1169,1610
4568,2049
1850,1613
1212,1899
6320,2212
1145,1609
1045,1722
737,727
1714,3549
947,2274
1213,2172
1064,1986
1515,1252
3090,5587
879,953
994,1543
2934,4618
5692,4250
2517,7832
1491,665
1453,2838
1278,1394
1274,1883
1577,798
1471,4286
3320,5878
8104,3276
1181,1271
1281,1880
1384,3029
786,682
1153,838
1572,2690
1971,1892
1338,4626
1527,1372
1097,1817
1050,1898
877,1868
1007,1419
773,2664
1516,1231
1380,2825
1270,1840
1120,990
993,703
1749,3871
1709,3251
1100,1021
1115,1409
1718,4636
1157,1998
855,788
1846,2599
1468,1223
1024,1102
848,832
1591,2411
1068,2439
3058,9406
1499,3188
1229,965
1431,1982
1216,6835
1791,2878
1609,1307
1959,4275
1273,5180
1579,1560
1933,1657
1413,1921
1373,755
1558,5497
1223,1527
2236,1525
1376,2162
1022,3804
1394,4030
1516,1693
2080,909
1969,1469
962,2133
1304,827
1627,3288
1659,4880
937,1647
3220,4265
1557,1155
1309,1829
2366,3014
1149,1401
1900,1300
1430,901
2039,4891
786,2302
1636,5498
1301,1361
1550,3669
1216,2509
2646,3542
1526,1424
949,1518
1274,1297
1564,1312
2666,2060
5590,4847
1390,1639
944,8450
1540,3331
1216,2181
1763,2529
1427,2177
1338,967
1068,1211
1190,1414
1705,3052
1317,1385
1232,1345
1313,2989
2005,1807
1210,1771
1104,2261
1015,1338
1918,3038
1931,3152
980,1381
1622,3643
1262,2820
965,606
1328,1724
1368,1027
1349,2353
1990,3701
1686,894
1352,1781
1002,1675
1252,5207
1312,1188
754,2616
731,1371
2015,1814
1250,1375
1817,1890
2132,5788
1525,2309
1420,3306
1045,1992
4320,2855
1130,2365
867,2356
1446,1387
2613,2940
2670,1419
1783,3320
1459,5372
1761,1782
1087,3977
892,1696
5252,2813
2349,2608
762,1096
1478,4032
2315,1735
1643,1791
975,868
1567,1201
1266,1901
3318,1410
1849,1967
1270,1577
1103,2240
675,1097
1415,2738
1450,3157
1285,2320
1551,4307
1870,2756
1275,3836
1068,1162
1368,4164
1246,2554
794,851
1663,2963
795,598
2430,1790
786,2640
817,768
1139,1440
1146,1441
1260,1710
1676,2737
715,1755
1931,3538
2809,1080
859,1034
2020,2620
3115,2495
2999,2561
1248,2470
1105,1443
719,1207
1176,1270
1058,910
1188,1002
1560,3256
1788,4807
1360,1777
1056,5733
1418,1136
1694,5529
1604,7685
1117,3315
1384,3032
1255,4060
1493,2482
1337,1377
2162,4403
1508,976
1630,962
1244,3429
981,1081
1137,2041
1082,1661
1698,5851
1018,1751
941,3086
1501,1373
1542,2434
859,1333
869,1963
1625,1967
1437,2100
876,1175
2023,1952
1617,2792
1626,2264
1013,1040
1317,1844
2851,2946
928,915
2160,1900
1108,1525
1476,2455
928,1195
838,1064
2019,1890
1872,1199
1218,2102
9174,2123
864,865
822,839
1783,2374
830,1854
2262,2321
1310,2269
1006,2103
1092,8306
885,1226
993,2709
1473,4148
899,1460
1175,1303
1187,1227
1385,1847
818,1891
1615,3547
1690,1605
2785,4261
1418,3243
2362,1725
1998,9803
4328,2700
1769,1944
810,1404
1529,2911
1498,1662
1625,1420
1472,4205
683,2320
2300,2692
1471,4075
1535,4912
903,1419
843,898
1129,1798
2241,2671
619,1218
2118,1774
914,1594
2232,2776
4780,8871
828,1818
1889,915
885,582
981,1095
1156,2495
2718,4263
985,2900
1488,1075
1958,1956
1112,1305
1207,3345
1986,1062
1171,2635
1778,2016
1293,1808
2447,3903
1636,4685
1801,2780
1046,1434
2212,2441
1347,2603
1501,1880
1044,1678
1976,2020
1989,709
1751,2008
1384,2366
1269,1864
760,4431
1399,3288
1448,1081
1728,1606
1334,913
1561,1238
818,1182
1991,3489
861,2762
1358,1734
1338,1374
1525,1099
3464,1949
2197,1718
979,518
1132,1345
2853,2366
2721,4320
1306,1101
2333,2165
1078,910
930,777
2444,880
4919,1374
1679,1390
1511,4190
1833,2704
801,1779
1327,1340
1257,4405
1302,2632
3531,4218
1162,3695
1408,1505
2118,3288
1099,1708
876,1496
875,508
1114,885
1466,1062
1536,2231
1549,3235
1552,2139
1527,3963
1150,1670
1598,2397
1678,2111
1524,2701
1348,2855
1028,1709
1039,2840
1524,5883
1465,3078
1305,1222
1064,1570
993,2382
1232,3568
996,1008
1154,2781
1181,2967
1161,2372
2346,2500
2788,4682
941,1272
2755,5304
3055,2257
1905,1431
1308,1419
1307,4410
1474,1821
1939,2035
978,1483
680,1203
3312,2333
1300,1608
991,4226
1632,1601
1174,1274
881,1394
996,1220
1530,1335
2267,3275
1614,2019
1076,1510
1565,1773
1333,3128
1399,1020
4232,3138
2143,3218
1037,1307
1029,1873
3221,2613
985,684
1193,6227
2569,2538
825,941
1806,1206
1031,1517
1217,2222
1300,1913
1885,1317
2324,5105
2690,1489
1438,5604
1137,1379
3800,1783
1007,2214
3860,5987
2618,2450
2087,2472
1140,1673
1415,1299
1068,1439
1136,1929
1215,1147
1799,1661
1987,5553
1844,3659
2545,5640
1631,2527
1687,4188
1293,1765
2745,783
2290,1620
925,1203
1079,1609
1325,1629
870,1148
1523,2058
5997,11663
1170,3163
1440,6038
1430,1678
1520,2507
1010,825
1470,1065
974,824
1679,1900
3035,1456
2622,3288
1828,793
2707,3692
1457,2965
666,1026
1437,2672
1350,1608
1193,1257
1070,2277
3375,3375
973,1578
9347,7928
1312,2403
2314,3764
1356,7683
1383,4353
3609,3231
2235,2700
1258,1027
1015,2388
2213,3792
1867,3476
948,1434
1682,2037
976,1364
2144,2695
938,836
884,3143
966,1144
1501,2030
1350,1607
1713,941
2671,3461
1007,5319
1861,1761
1053,1015
2327,2604
944,1997
1276,2468
1108,3202
815,1220
4340,2984
1995,1422
1450,906
1261,1744
3629,2841
1326,1011
1691,1338
1610,3008
1191,1525
947,3343
718,897
866,642
1090,2032
996,1285
1594,4425
1818,2177
1525,1379
1539,1947
1596,4299
22487,17412
1196,1104
2363,1862
2161,1234
2174,1265
1775,3737
796,1370
1460,946
1102,1219
1412,4237
1363,2366
1356,3239
1312,1311
1015,2128
1083,1279
1257,3043
1603,1630
1549,4544
1439,2920
1310,1380
1593,3007
883,2735
3927,1905
1290,1560
3596,10544
1373,1804
2252,2541
844,3620
1880,4188
1185,2185
1282,6909
2143,4854
1008,1244
1497,1744
1034,3042
1345,1736
2530,2132
662,2008
1634,1882
840,536
5404,3094
1949,2279
1285,1059
1423,2621
1133,5017
4755,4542
1722,1526
1446,3148
1097,1074
2285,3534
1134,1826
844,919
2678,2666
1179,1839
729,1572
1105,1880
885,2027
1189,1338
1003,3277
1889,3382
4751,3317
1281,1803
1515,3236
1338,1887
1018,1917
1273,949
1464,1359
1513,1793
1351,1291
1307,2121
853,911
919,4319
1584,6355
1089,2007
730,1357
1713,1697
914,1185
1529,2062
1320,927
1911,2783
874,5321
1635,2492
3948,1934
2746,4307
1128,1707
1079,1204
1267,3127
1182,2110
1111,1031
728,1253
1573,1377
1015,1910
1412,1713
1052,1492
3383,1288
1961,3332
1295,2060
994,1167
1324,3280
1650,7123
1489,6867
1650,3336
1075,4526
1267,1815
1068,1647
3859,3149
1781,6674
1333,2692
1088,1628
779,894
1214,1018
1425,3595
1613,2842
1517,1798
873,746
1060,1173
1568,1155
849,1215
1157,1872
1108,1502
1304,2962
1589,2375
1277,3484
895,2027
1641,1581
1712,1773
1225,3108
967,1108
2485,2786
6101,7872
1429,2809
727,1272
1438,4021
886,1130
1440,3431
2347,2284
1050,895
1432,2110
1591,5491
1190,2045
1376,1512
1704,3998
2081,1960
1533,3776
1305,3011
2091,2692
1179,1379
1338,639
2045,2277
1602,2709
1249,3206
860,1351
2309,2331
999,1951
2206,11140
4638,2464
1390,3898
2136,3498
1328,2075
1789,2642
1309,1327
1075,3215
1485,781
886,2641
1386,1991
1177,1864
2457,2006
2678,3399
4133,4814
2282,3736
949,1470
1013,1100
1240,4105
1127,3571
1833,1770
1223,1803
1447,6471
5659,2740
1654,2119
1058,1395
3343,3166
1619,763
1000,1219
10058,3175
1106,3842
8666,5939
1926,1572
1201,1749
833,4263
3567,2962
3856,3026
888,1370
910,2062
673,774
1464,2892
1370,1871
4870,3664
4807,2396
1731,2022
2306,1279
1171,1708
927,2155
966,1265
1340,1788
676,774
1319,4863
1345,2554
1735,1588
1252,1842
1376,1989
1399,2749
2992,2319
1640,925
1348,6062
1547,965
813,933
1408,1209
1251,2300
2594,2641
1806,10864
1436,1878
644,946
1177,1371
1345,1445
1364,4866
1717,2358
1451,918
1094,1203
557,954
1468,2118
1095,2495
5043,3126
1147,651
1025,3460
1022,3728
3010,2370
1585,2423
1264,4365
5265,1360
791,1717
865,1248
1174,3999
2620,3754
1093,4415
1206,980
856,1208
1031,2902
2186,3947
1722,2860
1402,3075
1306,1672
762,759
1252,1258
1723,3981
972,1944
976,880
1771,3215
1301,1959
1047,1093
1429,3341
1472,3053
859,1035
1352,4672
1348,713
3545,1228
2400,2639
987,861
1073,4183
1103,1230
3814,4089
1737,995
987,589
2082,1502
1567,1591
671,887
1468,2757
994,4099
1464,4094
990,1175
1496,1422
1180,1897
1059,2307
886,1407
2501,4430
1636,1522
887,1432
835,1700
859,1157
1391,1280
1270,800
2197,3409
2257,3190
2155,748
3761,1210
1018,1005
1230,2515
1057,1456
2025,7491
1078,7156
1082,776
1402,1384
2074,1363
1498,2254
3963,4247
911,1270
1441,1498
1172,1384
1567,1824
1390,1605
1445,2260
2060,1839
1257,2430
2280,2405
1200,2860
1713,1903
1118,2196
1230,1506
2795,2571
1267,2224
2016,1454
2322,2588
1302,933
987,1193
1283,1503
851,1191
782,1514
1086,1166
1412,3347
9745,4262
2229,3366
5250,3097
1009,944
1030,2643
1314,1237
1080,669
872,927
2814,2105
1230,2272
1050,860
1140,790
1066,1574
698,963
1283,1338
2766,5022
1331,1290
1747,1834
1239,1768
1637,1931
843,1805
1510,2418
1225,1376
2155,1421
898,830
894,1801
1345,1645
882,1971
1199,1448
1482,1471
800,2742
1352,991
8664,5400
1132,1170
2017,1235
1271,815
1265,2064
1195,1253
1137,1724
1421,1735
1334,2105
700,1409
1117,2124
1260,1073
925,1082
953,1444
1209,2033
1196,1768
998,2598
3150,958
3425,2954
736,637
670,684
2000,1877
3032,4655
739,1499
1328,2207
951,2458
942,591
1886,2367
1850,2360
1037,1197
1370,787
891,1625
1338,2408
2622,3568
874,1022
1426,1044
743,1005
929,3545
805,791
1302,1920
827,3064
1523,3439
1539,2298
1824,1395
645,906
710,796
1055,1370
885,1742
1081,1014
1418,2530
2180,1626
1618,3535
1321,1871
1415,2214
1172,2507
908,948
1236,2869
1227,3077
1485,3832
1767,3181
1026,2074
1173,1428
1646,1338
1214,2666
1524,3532
1113,1712
1357,1425
1742,1638
2838,1869
1063,493
1835,2801
1172,1822
1762,3313
829,1286
3238,3600
1417,2844
1013,3445
924,1612
1527,1567
2160,1774
1202,1818
1403,2308
1509,2454
1088,1533
1173,2660
1245,1671
2879,1652
1298,6214
1328,2368
1668,2222
1145,1202
1378,1442
1589,1451
886,1381
1889,2267
1326,1937
1187,2201
591,749
827,900
3831,2418
1031,2470
785,1376
771,810
837,1541
1044,2166
2152,1717
1233,936
850,746
1722,1379
3615,4349
2287,5650
749,666
3037,1267
933,1012
1243,2106
1469,2034
806,1104
1601,1114
4028,2019
2817,2204
1314,1320
824,632
1099,912
1841,1387
1354,874
1047,3269
1630,1480
3937,3606
930,865
1746,1377
1073,5280
1056,2329
1535,1225
1897,1164
766,982
1454,1671
1177,722
1054,1402
1477,1612
1030,2128
1105,1524
1332,1551
1287,1543
1821,1298
2115,3851
1019,879
1073,784
1374,1305
974,917
1938,8092
1584,4262
1539,1117
685,1115
5048,2653
943,1328
1092,1792
1990,3567
1003,1365
2270,813
2614,2399
1102,2359
1005,718
1480,2644
881,1441
993,2168
2793,4299
1221,882
1359,781
1277,1868
1074,1335
1217,4717
1008,1134
2120,2492
1339,1809
1694,4493
1223,700
951,952
1296,2107
946,851
625,1413
1536,3635
1213,2633
1112,1932
1410,2221
1522,2672
2004,3057
993,1203
916,602
1148,834
711,845
2236,1585
880,948
897,2448
1060,3038
1030,2564
1240,2708
1863,2204
1076,2555
4055,6141
2127,2784
1207,1482
1103,1417
1431,3733
906,1114
1495,1819
1599,3045
2018,2259
1109,1308
1226,1785
1533,10100
1209,1759
3852,6998
1490,1592
2809,3327
1556,1446
1298,4909
1256,1853
1090,1964
4429,2449
1221,1846
1291,2927
1033,546
1060,1391
874,945
992,4875
1478,1114
1268,1942
1318,2589
1019,2872
2842,3060
1432,3018
738,716
1096,903
877,1081
1191,4393
1455,1127
2357,2374
1279,1518
993,701
943,1429
1949,834
3206,5161
2150,5196
1290,1107
1672,2300
1708,5061
3493,2756
1212,685
1417,2230
1665,2859
1698,2666
1025,1397
2914,3270
1242,1572
1060,2856
2346,2397
1410,2099
1390,1515
2162,3000
1920,1293
2243,1807
1141,2273
995,997
1168,2049
1727,2820
1178,1274
1389,909
1494,2596
2505,3276
3363,1827
902,1754
1133,1914
845,1035
1650,1897
1472,2849
772,1572
1365,1649
3495,4940
786,1179
861,935
1019,1896
986,1215
1345,1902
1730,2638
3219,6405
1812,1823
1137,3042
1827,1149
1259,4298
1087,1263
962,1259
1907,5041
1061,4221
1030,2428
3767,3266
732,557
3369,2163
1150,2924
1250,1184
1560,3694
1038,3034
880,1892
1188,1424
945,4772
1215,2270
912,1070
1293,3996
1850,1386
989,1443
1003,847
1453,1899
1747,1855
2018,2316
2170,2821
1594,3516
934,898
1053,2307
1084,1286
1266,1804
1104,806
1442,2262
1137,959
2652,2253
1716,1570
1137,1192
879,453
964,1263
1730,1778
1631,1403
847,1191
1051,1879
1172,1298
1180,1103
1325,3284
1070,1184
1127,1608
1198,2970
6384,2099
1663,1835
1124,2724
1482,2888
1407,2759
1373,3957
874,1476
1235,1278
861,2706
1841,1165
925,1520
886,1516
1691,2925
1615,1270
9905,4039
1227,3566
905,1689
2118,1943
821,1256
710,1015
1131,1409
2880,2727
2060,1671
909,1320
1086,1085
909,3021
711,1153
1263,719
1244,1085
1658,2017
1566,2511
1424,2901
826,1320
1382,2508
955,1660
914,2942
1192,2633
1163,1912
1334,5152
5403,3992
652,1222
2437,4828
928,1381
1074,1964
2109,4178
1641,1878
994,1228
1029,2146
1218,2883
1114,1909
820,1034
1277,1042
1504,1505
897,1223
1247,843
1702,646
2136,7626
1701,2157
1325,3148
2551,1096
879,1571
1145,862
1229,1484
905,807
857,3156
849,690
1191,1568
951,1108
812,2897
834,994
876,1645
1310,3016
1029,1482
1593,1408
1248,836
1185,3486
784,1804
1265,1263
963,2079
1027,1727
943,2018
1004,696
691,842
972,1161
2970,3210
1018,1098
3099,1434
1228,1336
1036,1000
1302,1104
1508,1662
7070,4271
1039,1770
1577,3203
1867,2812
2151,1100
2370,2816
867,1298
1001,2123
1004,2358
1310,3313
1730,821
1539,2430
906,1232
1586,1933
1003,984
2380,2609
1065,1551
725,955
1436,1799
1471,2814
1289,1370
3308,3032
1020,2231
782,1905
1222,1259
3732,1761
1827,1457
1509,2740
1028,1317
1556,1842
711,635
850,632
1563,1369
1287,3643
2618,1407
943,795
1426,3880
1114,2563
1412,5460
1553,1280
983,674
1053,8955
1329,1095
1410,1077
833,1181
757,1378
1376,5019
1179,1422
1708,3746
1567,3844
1624,3806
1826,3090
2367,1720
1746,11151
1643,1555
1114,1407
1443,1952
1324,2786
965,1031
1447,1100
1485,4413
1650,2405
2237,4098
1853,619
1873,2101
718,546
1369,3134
780,849
1458,1324
1156,2321
986,874
1113,2508
2268,4892
850,1062
1633,1593
1253,984
867,1720
1239,1621
1634,3053
1504,3698
909,1520
737,1027
1443,1635
1242,1578
1170,1256
885,1477
1269,1291
1042,1543
1281,1364
1318,2269
1621,2100
1398,4605
1111,681
696,869
1394,968
712,721
908,1307
1960,12158
1736,2367
2002,2558
723,994
906,3277
1142,6042
2012,2060
2135,3161
1562,1679
4015,3412
3390,1954
937,1141
1057,1833
995,565
922,1961
1525,2551
2355,3706
1065,1377
1814,927
1190,2859
879,709
1385,1835
840,1319
1552,3466
794,1390
1332,5233
762,1716
3668,3948
2495,7546
967,1592
1038,592
1153,1589
1143,2127
1454,3103
1583,767
1222,1670
1385,1326
2049,1828
1118,1124
887,1641
1725,1216
1489,1807
3419,2752
966,1507
1584,3123
4225,3255
1062,2417
2440,6148
1189,2389
1020,1996
1303,1701
1450,2438
1393,965
1196,2411
1708,2254
1638,957
1828,1323
833,1105
1381,1166
1131,1484
1654,3136
871,992
1420,6745
2685,1721
1976,1697
1146,3488
1508,935
820,850
1554,3535
1284,4803
1039,919
3544,3091
1508,922
668,828
861,3048
1421,2236
1184,2489
1434,853
9661,5384
1029,798
1904,2682
986,2906
849,2421
3561,2698
1028,2112
1104,961
1401,3018
1051,1448
1161,600
1736,3872
1133,1265
1133,3922
2742,2710
996,1236
1065,911
930,1632
1350,1090
1192,1757
2214,1021
929,1316
944,1103
1069,2751
1475,820
923,641
1224,3091
1101,2078
1621,2687
1534,3284
1108,1572
1568,1639
1379,1043
1699,3257
1499,3556
822,1369
994,1131
2048,2391
966,1752
1287,2056
1416,927
866,979
3258,3582
2789,1026
1062,2151
2749,3102
1107,4391
1345,2441
917,791
3942,1062
1008,1411
1556,1025
1458,2087
1337,4234
1524,6365
1069,2010
1324,1117
723,1980
1010,3561
1479,1528
1291,2051
805,1041
1064,1591
820,1283
1702,4260
1308,1685
944,1140
1149,1815
1052,1044
1452,1742
1271,2759
2683,2311
2238,2064
1430,802
1448,931
2275,3443
1420,1217
1446,4754
1909,1529
1334,2307
1052,4192
2337,1657
1244,1571
1728,2318
1855,3435
1085,2028
1591,1158
1091,2245
1173,1610
679,1958
2041,1505
1564,2540
904,3028
1281,1091
1213,2064
1436,1300
1404,2938
968,2243
787,1290
1663,1611
1444,2263
2850,3679
1535,4137
5195,2118
2124,1405
873,724
1295,1479
774,678
1161,1050
640,1663
1288,814
847,2595
1404,1595
2689,3335
1554,1438
1253,1778
3444,6237
1343,1037
1389,2842
1227,1704
2492,1412
3797,1821
3096,2286
1011,1066
1161,2838
2297,1418
2917,4962
925,855
1063,1635
791,975
1248,711
1156,1277
916,2571
1389,1359
955,1235
2299,3735
1177,2329
998,739
799,1051
1079,1366
1459,1442
922,1112
948,1458
961,2044
1308,1891
1022,1439
1486,1263
1112,1284
1373,1503
1221,4496
745,4125
2481,913
1259,2042
1125,862
1243,5076
1268,4070
1280,2299
1230,1173
974,1853
1693,2336
1022,1177
1738,2663
1361,1053
1465,1425
3484,1260
1787,6289
1130,1913
1772,1956
1189,1648
1360,3959
1359,1929
889,695
799,3361
1390,1636
3987,2712
1023,1748
4307,6742
1469,2410
1321,1910
889,1233
1277,1842
1178,753
2033,3996
1404,1782
890,1061
749,1261
1806,1855
1113,1779
1106,4007
891,2796
1156,2113
2218,4148
744,864
1348,911
1098,1216
739,1225
1508,5022
1322,1140
907,661
1125,1484
2163,2334
1110,944
1103,1323
768,1721
951,1328
2859,2744
1842,2081
1643,4243
997,1381
1000,2659
1243,747
1269,2988
2711,3170
1348,2301
1391,2721
761,2183
1116,1725
1544,2039
1832,1803
790,856
1086,1057
739,2684
997,1837
1163,1520
1170,1151
1872,1092
1014,1065
1541,1526
1038,1245
1421,2047
957,579
952,1443
799,2508
1393,3877
938,1514
1970,1287
807,2549
1142,2254
1170,803
904,2736
1575,1785
1006,1075
968,1652
1109,1851
1369,4273
1498,2247
1367,1477
976,1768
1855,2879
4595,3107
2153,1502
753,700
1517,1182
1247,2695
1895,1349
1508,1427
888,2463
1522,1842
753,779
1662,1900
1174,6354
940,2453
1675,6347
1573,4805
1481,1215
794,2493
1750,4460
678,766
1438,3591
909,831
1248,1226
1909,1035
815,1358
924,2694
667,722
2008,2215
966,1427
2042,1902
1731,2172
1675,1507
1220,1331
878,1103
1382,1922
1155,1160
672,463
1309,946
1099,1749
711,4511
1380,2849
966,936
1082,1256
1571,1943
1334,614
1428,1371
1197,1550
1166,1024
1357,2278
2657,2985
1737,3553
1871,2256
943,2325
1294,1655
1766,2323
1430,3055
1643,2455
1006,883
1757,1044
1473,1320
1551,1216
1026,1925
1309,1938
1406,2440
982,1099
879,2403
1590,1409
1223,4176
838,2072
741,827
1779,1313
1550,5924
1492,1871
1188,1770
1169,928
1320,697
819,1004
845,578
1834,1334
1148,1967
1704,1505
1283,1630
812,1114
1207,2194
2088,1237
1144,943
1444,1206
2917,782
1406,3119
1506,1645
2287,1560
1081,872
947,2986
1613,1973
1549,1351
1331,7620
2102,3752
1633,2541
964,1044
833,892
2352,2384
1531,6543
1000,4031
1026,3074
1133,1850
1020,1012
1762,914
1146,2500
1124,496
1567,2579
1356,4596
1409,1346
1361,1066
919,1065
1547,866
1410,2740
1537,6237
1142,5852
698,631
1972,3124
1335,1841
1284,1449
1744,2220
1489,2124
1685,2408
1145,1639
942,733
3109,7073
1297,1202
2180,3447
2513,2550
1446,1252
1720,1701
1083,1906
2642,3439
902,1187
1095,585
825,2119
878,1261
1029,2985
3841,1526
1037,890
696,789
1117,1735
1722,3567
1839,1858
1385,1797
1108,1649
2348,732
996,1800
2326,1646
899,1112
1019,619
1861,755
2395,4419
1079,1905
2503,2628
1408,1189
1485,2551
1251,2021
1139,1237
1677,5434
1254,1366
1092,1724
1139,1873
889,957
1021,2928
1211,1395
1475,3533
1727,636
2135,2367
764,926
1218,1263
1444,1484
1338,1804
1290,1276
1129,1609
3263,3667
1030,2140
1118,1636
880,2066
2787,1532
1280,1417
2179,1308
1095,2893
1240,864
912,1970
1078,1548
1475,5658
1072,670
1446,1325
1002,1892
967,2726
1005,2899
2458,1022
2006,2816
1124,866
1040,651
1125,5084
1127,1248
1959,4438
2071,2890
2434,4859
869,1171
1137,2469
1140,2033
842,1259
1711,908
870,900
5497,3936
1200,1886
1520,799
864,786
1977,2041
1230,1937
1952,1024
1260,2373
1124,4644
1548,1233
2123,3036
1396,2897
1125,1363
1463,2884
1036,1575
906,1404
962,1031
2418,2128
1798,1086
954,1046
1026,1669
1622,4422
1365,1469
786,1442
939,1106
1234,2099
677,644
1124,712
1483,3137
860,903
1105,2281
6622,4081
1129,1001
1890,2851
1217,1718
1717,2597
1006,1613
587,1382
880,1467
941,1455
772,3648
1682,1218
938,1714
717,1445
959,744
963,1273
1428,1461
959,1475
2026,1138
1397,1821
1075,1728
1244,936
1148,2483
1323,2888
993,1084
2450,799
2066,1719
1147,1556
2133,1726
889,1919
1582,2857
1300,2298
1275,1567
1466,1387
1905,4678
1036,764
1221,970
953,1658
942,4745
1193,1309
1728,1912
939,1557
1846,3089
688,534
1375,1656
1493,4000
752,1569
1191,1502
1560,2364
1125,893
1082,1266
2275,1123
1187,2706
2633,721
1044,1986
813,989
1418,1130
1344,1821
787,842
1683,5063
1548,3527
1451,4534
2605,2017
2947,1938
1227,2897
836,1538
1205,726
937,921
849,706
3127,3990
988,726
1550,2767
700,1054
1198,768
1126,1162
1142,1631
1872,2188
3069,2816
1615,2035
2462,4311
2047,2608
1424,2616
2013,2328
2076,1555
1099,1617
1004,1806
905,1141
919,4885
1160,3095
1192,2862
1028,1204
862,1509
875,788
1161,1305
1479,2991
733,1221
1817,1550
1751,1197
2016,1823
1447,1798
1025,1708
2749,1756
1157,3462
1184,1212
1308,1981
3001,2908
1683,2263
775,3142
1491,3777
1000,2404
1137,2510
1341,7020
1486,2612
979,2397
1077,1912
708,3671
1233,627
3662,2337
5776,2840
1375,1781
2971,2498
1729,2757
1051,1514
901,2193
1335,1639
675,1421
1367,1706
1855,1561
1488,3237
1085,1592
833,1774
922,832
1954,3002
1107,4661
982,2837
794,1512
784,1923
1304,2394
2217,5718
1128,2216
2844,2730
1326,2591
1226,3529
3743,2942
1554,5941
1380,1854
1180,1075
782,628
1257,1108
1518,1893
2971,2668
1099,7209
1479,4407
1087,2564
1230,2111
834,1400
1684,1099
1455,1969
1399,2852
871,691
1202,966
1405,1400
1870,1946
1013,1281
1141,1773
780,1473
1027,973
2009,2589
1138,1210
2715,1373
1062,1382
3483,4179
678,1017
834,884
1497,2069
1691,2240
1716,1562
1934,1837
785,1343
2056,3245
884,1027
1152,4246
808,1401
960,1635
888,965
1141,937
694,1114
915,937
914,1185
4506,2181
1647,3369
1371,1945
728,2109
1121,3132
1296,800
2467,10313
1703,2793
2433,5721
959,1548
1412,1364
747,920
1248,4622
2105,2893
2940,4376
1032,1115
1834,4062
984,1351
4402,5860
2190,1953
1089,1346
1238,2217
904,1430
6962,4482
1598,1420
1894,5876
779,1927
1388,1916
1050,1447
1025,1279
1316,1876
768,1167
1792,776
2642,2255
830,1185
1351,1467
1706,1244
1673,1579
1139,2407
1280,646
1042,1542
1869,2717
2424,3909
787,1336
1584,1883
1357,1423
1412,1502
1273,2103
1107,2117
1408,2205
2097,2470
1508,3812
1393,1352
6662,4416
1511,2310
845,1462
1312,939
1838,2035
818,1673
1030,2467
1041,2122
918,1514
1260,782
1600,2524
979,1144
1527,3157
2325,4695
772,1455
1916,3149
892,914
1381,1881
1923,379
892,2013
1879,3149
1384,6485
2125,833
1590,3828
1186,5296
1054,1324
1235,1388
751,6024
1685,1774
971,1133
753,770
1109,1263
1296,3467
1032,1165
1286,2477
1923,3260
838,1462
1996,805
1427,786
2038,3146
12909,4008
1373,3201
863,800
2201,1713
1269,1581
821,2046
1432,1542
1239,570
787,1299
1496,2434
1623,1035
1494,2704
1258,2613
1526,1211
1261,2685
1030,2492
997,1215
1557,2439
1129,1233
1553,1323
889,871
3109,1835
2630,2743
1132,1534
1461,2637
820,2476
1096,745
2686,3192
824,796
2150,1137
1041,1514
1364,1798
1047,2225
2077,1994
1823,1781
2210,2530
1192,2640
1042,1437
937,1463
1494,1544
906,1153
799,1536
1611,1502
1154,2001
1382,1844
775,938
962,1065
1210,2834
1449,1284
907,2405
1450,832
940,1255
927,3013
1359,1167
1140,969
1047,2461
1154,2602
1004,1117
1016,967
2496,1443
1372,3044
1254,1235
1317,1901
949,1964
1179,2343
903,1060
845,824
1075,6458
1322,1293
1050,1306
1000,2330
3315,1834
805,1325
1185,1356
2064,1604
1742,1540
1193,1928
1457,1731
820,746
6300,3761
3109,1279
1805,3760
989,884
2156,1126
1081,1204
1225,2566
1415,4303
964,1340
1098,1816
1029,1649
1011,913
1890,2582
1519,3236
1477,1721
931,1046
2095,3473
2417,2192
1520,2997
1222,1929
1030,1977
1047,1689
1205,3138
1449,2171
1393,1795
2369,3450
831,1677
869,1201
1253,643
768,931
2832,2135
942,1174
1075,3301
1006,2235
1068,1632
939,1393
1116,3032
1188,1897
4598,1284
800,2639
941,842
1160,2900
1050,1647
849,1187
1213,1185
2205,3185
1272,1492
2106,3652
1579,1496
1089,678
946,1228
1409,744
1012,4103
996,3277
2283,3354
1715,2445
618,897
1891,2353
2278,4523
1201,1990
1364,1559
2460,1316
1386,1880
1377,1670
1080,965
2704,2628
986,1212
1064,823
1264,1907
1282,1027
1185,1668
9722,6958
976,1267
1277,1576
3323,2252
1641,2554
1454,1639
838,798
5620,3888
2523,2422
1471,1074
1510,1608
1083,3009
1299,5474
1724,4513
986,3720
1445,2578
1488,2103
912,1262
2814,6702
1211,1312
1057,3598
1467,3471
3272,2566
1068,816
983,1441
1440,1373
816,887
1431,2156
1458,2632
1559,1894
1577,2894
891,2552
1095,1504
1889,2071
911,626
1525,2454
2733,1176
1150,753
1832,1113
1132,1005
5383,2796
1227,3292
2682,1913
1143,2563
1682,1843
1251,1721
816,690
888,748
912,1586
1916,2807
1427,1101
729,1356
1144,837
1772,3574
738,499
1709,2490
806,798
1574,1314
1515,1913
1348,1103
1113,875
1174,2330
1447,1782
1029,1377
2022,2052
833,710
1798,1701
959,1381
1283,1650
1363,1237
1184,1845
926,1928
867,759
967,2672
1652,4961
980,6168
1107,3842
2332,1899
2159,2711
1181,3078
1038,1097
1519,936
1809,4081
959,1069
1978,3512
830,1226
2040,8370
907,1455
1567,4083
2270,3360
1167,1503
2136,1381
1551,2380
1414,1430
2089,1651
816,740
1094,1609
968,1528
1182,1781
1779,1739
1396,1741
1434,3291
1008,2274
1251,2341
1060,1136
895,932
1092,1120
1058,947
1248,671
1148,1658
2529,4341
1565,2261
1033,912
1948,4667
1273,2246
2801,1321
648,709
1576,1746
1069,1715
1180,3059
1164,983
1470,733
1554,1019
2700,3592
1482,3921
1204,1477
858,1003
930,2206
1330,1759
1087,834
1917,3454
1604,2827
1001,4605
903,1080
692,771
1485,3256
1752,911
1430,629
902,1340
1840,1854
1175,934
1561,2922
1055,1117
889,1959
1383,1752
961,2974
1465,1253
1179,1750
1746,1406
1163,1659
800,3426
1691,1548
1441,3041
2536,1342
1193,882
1606,3294
1211,1951
882,973
1371,2086
1608,1223
1667,2093
2511,1496
1805,824
2098,1796
992,1816
1235,1795
1088,620
1372,3746
1137,3095
3487,1610
1233,1683
1252,1435
1831,4628
1359,2426
3095,3524
1112,1385
1249,4150
890,1180
778,1014
2427,1938
2292,9639
1190,1287
1687,4417
1492,1118
1945,2147
1620,1278
819,973
1356,2618
2253,2487
2001,2173
963,2151
1490,1868
1059,783
3625,5131
1226,2021
782,1224
1174,2245
858,3159
1835,1873
949,1602
1287,1602
4288,2160
5570,2397
856,824
2660,2719
855,1658
963,699
1221,3036
1148,1737
1577,1366
1837,3936
862,1032
1307,2410
1458,1966
1247,3101
836,395
1217,1319
1278,1738
1933,3252
803,1305
1518,2086
1220,3219
716,921
1039,2898
1522,1885
2133,2585
1216,653
1582,2439
1259,2512
708,975
831,1387
868,947
1407,1731
791,630
1445,1523
1789,1154
1257,1665
2401,2692
1674,2415
1469,3232
1906,1011
769,1730
1718,1196
1141,2093
1117,1137
1397,1558
1123,800
1596,1662
980,1916
1312,757
1076,1238
1338,973
916,646
816,877
1719,1305
993,2469
945,1745
919,3894
775,634
1226,1609
1817,1165
782,1075
1264,1264
2002,1432
1056,1694
4707,1743
2812,1995
1626,1852
783,689
774,1148
1369,1581
2038,737
910,746
1927,1963
988,1419
1428,1628
2060,1262
2077,2154
984,3610
1705,2910
888,1308
1026,3056
961,1073
2711,3606
879,740
1316,2983
772,748
1051,3046
807,601
1048,1619
1521,2689
1010,2101
1965,939
1587,1084
1443,1404
1548,2574
1053,971
1077,3869
1352,1369
1097,1584
1038,853
572,783
1393,3633
1283,2932
800,1009
1529,3001
2404,1155
962,2070
1280,1629
749,990
1628,954
1002,2104
1204,2262
2373,4221
882,814
765,827
1407,2149
1367,2484
1008,1287
1001,1174
925,1360
1363,1598
1285,1570
1043,1926
1106,1804
1076,3914
938,1296
486,1513
2155,3254
1236,6183
1138,621
858,876
1117,1083
1187,954
1316,1927
1055,817
1059,910
1367,3392
951,1087
979,2649
696,796
846,1028
1279,1379
1942,1550
1973,2323
1078,1558
1070,2412
1603,1571
3414,3375
1640,2304
1063,1284
990,1589
1220,1300
1417,1240
593,1425
2335,5364
1535,1809
2373,3777
1381,2878
2221,1207
857,4811
858,1555
2192,920
1450,3099
2599,1455
1389,1195
1529,3302
1041,1039
1245,3221
1394,713
1617,2243
1202,1759
1326,1082
1217,2089
1294,1672
1936,3501
1195,2257
2035,1261
2221,3971
1566,1831
1234,2611
1149,1670
822,1650
1355,1635
1256,1517
1369,768
1499,1478
875,1838
1158,2225
1476,2659
2562,1873
1091,4471
2493,860
1713,1168
1407,1688
1106,1056
1629,1069
1445,2628
1164,5283
1427,3098
990,2859
881,1339
883,4007
2119,2750
753,3164
876,1069
1348,1069
2735,3458
1550,1153
957,1362
1029,1421
914,1620
967,1223
1367,3913
902,1194
1629,3672
8125,4670
783,1011
1159,1526
954,2047
1238,757
1117,2151
1703,2168
1244,852
775,1207
1130,1736
1120,1484
1987,3290
875,974
1110,2086
1270,1664
3404,1644
877,3242
1508,1566
1224,1976
865,679
1513,11020
1569,2484
1540,944
1544,1512
1132,1018
1065,2102
796,735
2958,2074
1682,3095
1500,2020
1040,2216
778,516
1231,2486
1358,1686
2599,876
858,3697
1180,1276
1284,1088
1186,1391
1897,3671
931,2680
2548,1855
1221,2932
2422,1576
1885,1128
2663,2263
1404,1970
1036,2629
2608,1201
998,2229
780,1768
1552,934
1299,1900
819,1248
2126,2275
2565,6640
1089,809
892,1241
1338,1458
764,626
826,1141
1638,2146
1364,2095
1285,1468
1083,1471
1400,3270
1893,5619
858,973
1070,1559
3473,3673
1696,3609
2571,4395
1964,2104
2432,3669
984,696
1405,2990
2710,1819
1153,647
1640,3001
1168,1258
709,723
814,565
2283,1260
916,1162
889,1457
1243,937
1225,992
3039,1285
1450,857
1649,1296
1473,944
1099,1829
1214,2448
1522,1935
731,695
907,1238
1996,2893
1571,2739
635,772
2475,2487
1129,1164
1917,2081
1320,4069
966,2584
1199,701
1585,1712
1247,3956
1345,1995
1427,1385
1302,2986
980,1066
1014,1111
1607,2140
986,2151
1364,3435
795,936
1609,4751
997,1777
1027,1194
1510,3638
1176,2346
1398,2057
1518,900
1719,2521
957,1940
953,1978
1176,1165
1001,2565
1055,1886
1408,1605
1003,1034
1816,1397
1281,1134
2406,1347
988,2430
1242,1129
1185,1719
2207,1493
910,1139
1044,2530
2510,3069
839,1725
2040,2788
1903,3964
1554,2945
943,1272
1096,2023
722,751
1174,1933
1336,1368
1870,1539
2219,5168
1023,2036
1737,1877
1395,2279
1078,1789
1108,1532
4477,1832
1016,2291
936,4530
3048,3279
1141,4496
1933,3880
1072,1101
1587,2481
2533,1321
641,854
1243,2292
932,697
1322,2277
1792,2408
2116,6962
1400,533
1190,1908
1162,2197
1284,1360
1733,1051
3936,4639
976,3474
1447,784
867,779
1568,1172
852,846
1414,1642
1515,7796
927,5374
1314,3190
1165,1763
1006,1513
1099,1076
1155,1194
913,1053
1629,2429
826,1477
1102,3100
1129,1045
762,703
934,983
922,1662
832,2100
1697,5396
1184,1294
1178,783
882,1828
739,1071
1429,1693
1243,2391
1154,1776
765,890
943,2414
2063,2062
1082,3524
1206,780
1368,2343
5250,4747
951,1025
881,883
2989,4510
1531,1716
2878,3799
1700,1609
1121,943
905,2002
3025,1599
1543,3201
1115,2500
958,2512
1228,3035
1035,2987
1173,1031
1377,1228
1282,2360
3305,2514
1394,902
1963,3637
1050,698
1316,1341
1291,5097
3805,1067
891,694
1032,1722
1641,1313
882,1720
844,842
1257,2972
1500,3050
1324,5477
1031,1024
2123,1713
1005,1098
749,726
1694,2577
1571,1800
787,847
1494,3404
1284,981
1798,921
891,2294
794,974
872,3016
1118,1611
1125,1818
1505,4877
1570,1976
1584,1240
912,2135
8780,2513
975,1417
719,1169
1516,1467
1325,1854
1174,994
974,2366
873,1093
1993,602
1612,1715
1311,1939
1356,2267
1441,2249
946,1492
1139,878
795,1602
1010,3327
893,1537
1541,1424
1750,1734
1444,1998
2122,987
1499,2204
1314,1787
1040,1095
1127,2123
881,1094
1662,1651
1522,1007
1253,1832
1789,930
925,2020
1323,1687
1470,1234
917,2114
1387,3125
944,942
989,1076
1250,2254
1550,2496
1015,846
862,2292
1369,2186
866,1104
1607,1304
1275,2303
1187,1427
921,636
1425,6934
682,1660
1134,1163
1105,853
1292,990
1663,1729
1138,1545
871,1100
2199,2727
1601,1122
1448,2912
1183,1043
1426,1909
1750,773
1285,2135
3557,2781
1287,1182
1174,2611
1267,2679
2031,2585
1412,1278
2157,3458
2450,1811
3104,2479
1158,1475
713,2461
1276,1532
1513,1918
834,1004
1312,3269
1253,1472
1592,2087
1052,1443
1101,1016
722,815
1263,1124
1551,1312
1749,2815
1455,2106
1822,1536
843,1363
1544,1842
1618,1436
1342,2259
1715,1462
1279,900
1857,4303
2235,2131
1267,1079
1128,1446
1420,2225
730,942
1053,1403
905,1156
1715,3124
1221,3014
1560,1315
1442,1665
1088,762
1069,1189
1153,1293
3276,1443
881,1337
1185,1184
1214,636
1270,3086
1192,1380
1208,1960
2635,954
1281,1133
1706,4644
1487,1287
5500,6531
1072,1944
2256,2684
718,1457
6681,4166
2516,1489
1205,2368
1304,1251
932,1543
3843,6597
2221,4928
3868,5620
2228,1728
626,818
1051,995
1150,2077
1225,2821
1672,3179
1628,4003
1107,1910
910,576
1385,2082
1328,1770
1258,5182
1440,2370
972,1612
2172,3124
1953,1963
1429,903
1494,2653
3831,2616
1897,2672
2042,2445
1331,1327
1437,2264
1294,1689
980,2063
3480,2213
1954,1988
1207,2490
1601,1784
2729,1835
1669,1676
1681,7340
1054,2082
1293,2045
1392,2459
1150,4635
1686,4158
2124,1143
1082,2185
1676,2012
1155,3841
1174,1353
3496,2660
2780,1805
1371,4024
1200,1557
2670,4606
1430,1994
921,1638
2297,3395
1479,1886
1227,2437
1820,5190
1251,1178
732,968
1681,6347
1551,2874
1067,2286
1810,1828
1040,1222
1003,610
1708,2131
6074,4523
1648,3359
1066,2116
1402,1751
1622,2995
1650,1294
1055,1169
1305,3402
1067,932
1163,2092
933,1187
1802,2544
1194,2169
896,2460
1274,2805
1542,1056
820,838
842,1576
866,1933
1184,1689
1706,1529
1559,2569
1533,2050
1051,1260
1375,2557
1185,7916
1974,2247
1533,2973
2124,2109
1446,487
2293,844
1419,2584
1753,2039
1685,1786
1802,1089
889,511
937,1271
1694,2913
1451,1740
1057,599
953,1674
1223,1360
2098,4984
1056,808
2435,2172
3468,3555
1354,2930
1334,1262
794,896
787,1477
1392,1636
1104,6375
867,1240
1325,620
1585,1566
1652,4939
1495,2901
1498,3256
2830,4417
1491,3571
1107,2323
889,940
1981,7332
2301,1961
1208,3687
1218,1307
2272,2196
1101,1147
1313,948
962,751
1092,839
1401,2561
1038,1138
2794,2120
2592,3159
1016,1258
794,356
960,1934
1325,1161
1695,2500
1418,1118
1854,1451
1352,2080
1287,1633
1845,3437
2350,1860
2750,2007
1348,1156
1239,1171
892,1074
1201,1574
1292,887
1304,669
1416,1300
3663,4779
1765,1871
1020,1299
1298,2102
1171,504
704,885
742,803
1142,2400
1570,1428
1687,1348
1714,2481
1052,1288
1384,1770
3726,5356
1123,1442
1345,1661
912,1141
1552,2206
1117,837
902,1390
1372,1503
5272,1547
2994,4985
1569,2538
1880,3203
1577,1382
1389,1744
3222,2464
1244,1951
883,909
1144,1768
2734,4202
820,900
1881,3468
984,1298
961,954
3093,1642
1075,1718
1519,1395
1049,1400
2816,2716
1453,4229
1685,1882
3815,4105
3170,1456
2085,1368
859,2317
2145,1026
1135,1012
1902,1097
1252,3566
1892,2760
1348,1559
1893,3446
2179,1559
1343,599
1305,2623
1381,2426
1178,927
985,1629
1443,719
1209,516
1448,1831
1410,1935
1635,2291
857,2234
1111,1445
993,936
972,1569
1063,1224
714,780
1612,3681
1083,981
2032,2008
1495,1174
1516,1006
1708,1717
2125,1590
1783,3026
1229,4832
1286,2674
1569,3607
1335,1504
1046,1507
1026,1419
912,2648
1112,640
2500,2476
1473,955
990,759
1033,2129
833,1216
865,1152
1261,856
1193,1883
3165,1685
2296,2264
1322,1532
1615,1961
1457,1867
1825,1322
1355,2275
912,3220
1079,1147
1322,1124
1822,3277
1558,2119
1453,2159
1044,1049
1357,1053
963,1045
1844,2843
1095,846
1290,1925
1241,4230
1006,754
2024,1619
1050,2020
1329,4765
2850,4579
1350,2332
1478,2004
1002,2546
1248,2478
575,465
1477,1991
938,1475
1395,1781
1826,1560
1295,1434
947,1278
1369,1337
1548,3135
1651,846
1133,1658
897,1584
1426,4530
1552,2238
1181,707
1248,1160
1046,1221
1189,1207
1496,1639
1354,812
1471,2198
695,679
930,971
958,1975
1035,1141
1437,1062
1033,671
4981,2700
2084,1864
1557,2232
1503,1216
1136,1843
3200,4885
1632,3924
1127,4027
914,1170
1686,2406
1190,929
1077,7658
1260,1664
1666,2133
1419,2883
1976,3884
2516,1966
2537,1726
903,878
2357,1235
3910,2768
1350,2085
813,989
1544,2453
1208,1565
857,7743
1040,882
1668,2863
1352,2338
1546,1059
853,3309
1431,2361
1655,891
1023,1216
2102,3517
1099,1411
1711,1385
970,1401
1637,3452
5118,2894
852,966
6763,2139
5905,2102
1081,1293
831,1198
2143,1622
1177,1868
1342,1791
764,859
1419,1940
1613,2932
1253,2357
1513,641
1217,2493
1012,1255
1161,2356
1770,1457
1954,4345
1556,1153
1112,1576
1098,846
1201,1530
743,885
1040,1949
2181,3542
1231,735
1178,1388
1049,1596
1649,902
1072,1261
751,676
924,690
1224,3359
1125,1743
1003,671
1068,720
1188,2390
9982,3884
990,4687
2435,3888
839,1000
2525,5152
1425,1763
1104,2400
1558,4695
1218,3142
1877,2519
1379,2145
1195,1953
2037,2511
992,1375
1140,1559
2145,1418
763,1067
1306,2673
3256,2227
1329,1703
973,1133
1181,3453
957,796
1751,1003
885,1315
2174,3485
1042,2309
1213,1820
1341,1603
884,1327
2264,1368
4300,3394
956,996
1492,2769
1053,2035
1900,2265
1450,3689
1814,1935
1670,4146
985,986
1863,3080
1293,2831
1463,1108
1129,1127
3137,5518
1075,1969
1512,3072
1020,1446
1175,1120
1434,1973
1210,1035
1220,1660
1267,962
2049,1510
1270,1603
1095,1205
1526,1845
1255,810
1610,1942
1570,919
1026,885
2206,1646
2473,1295
800,1914
962,1234
590,713
1884,2238
1415,3349
1762,2424
950,721
975,987
1839,1744
1158,2403
973,926
6185,2982
1155,567
2366,2456
1224,2936
1195,1522
1007,872
985,966
1563,1039
1008,1501
915,1200
1058,2268
1022,2597
1946,1079
1489,1288
1314,1511
3049,2106
841,1345
1855,1836
3001,2529
2303,2267
1965,3825
1749,1833
787,1295
1781,2384
1374,2951
852,915
892,1448
1627,1019
1572,867
1451,961
2271,6163
3880,9811
920,1724
1373,1802
1770,1262
1986,4148
2002,786
1075,691
1627,925
1061,1707
3229,2622
1464,2072
740,744
1740,3033
2373,3496
3347,2520
1085,1366
2078,1206
2338,1804
828,786
1690,1033
834,1247
981,1320
1855,1319
1015,1210
2315,2572
1376,1359
2084,1830
721,929
1332,1356
2305,4475
995,1394
829,973
1587,2743
1908,3648
1577,1772
1599,1287
1884,975
824,1570
1067,1390
1437,1392
1379,1161
847,1130
1287,802
844,1377
1513,2026
1088,2292
1264,1160
3946,1738
853,1242
1261,2611
1019,1668
1010,1526
1261,3577
1095,1569
1453,2083
1030,1449
1740,953
821,1098
1211,910
861,1375
1753,1917
2387,1637
1171,2018
2315,1179
1510,2775
2256,2366
1065,386
1577,1848
1490,1626
892,818
1867,2456
1025,1488
1363,3261
860,1043
2028,2725
790,763
4355,3013
8262,3767
990,2155
1395,4636
1613,2920
1736,2118
1568,1445
1804,2748
1697,3597
968,1801
1239,3873
1143,2581
929,904
1571,2206
1507,3429
1519,923
1467,818
2686,1896
711,669
1777,3280
1218,1513
1132,1102
1740,4686
1477,1438
1256,1539
849,1112
2060,3758
1873,670
1532,1754
1148,1549
1823,7451
1166,2198
1111,1666
1635,2790
1317,2196
1466,1928
1005,1321
1056,2528
1902,1963
2123,3822
1391,5396
803,888
773,850
1568,2707
1392,1598
1429,6072
947,1224
1113,1855
867,1582
996,1510
1233,3685
2127,5221
1044,1221
1300,1624
3280,4617
1096,779
1353,2425
1991,3229
857,936
1488,1636
1652,3685
1088,1258
2062,2758
1809,2146
1239,6905
2215,2659
1044,1347
1098,827
1112,2081
1468,1656
2110,2074
1254,2251
1491,921
919,1300
2403,7453
1006,1158
1054,1688
1296,1957
1055,1315
1065,5660
940,1182
1236,2720
995,1520
1174,883
2173,1049
2603,784
1078,1608
1456,2715
1247,761
1296,1375
2086,2859
1922,1758
1546,2139
886,897
866,1878
1335,2274
1310,1600
775,823
958,784
1147,1377
1254,1267
1141,1375
1150,1088
1093,2089
6939,6534
1183,698
2468,2631
1916,3102
1203,2662
1411,3611
1226,1458
1352,2063
1583,2668
1951,1559
3157,5037
1278,2476
1773,2828
2682,2356
4967,5364
1051,1625
1314,3101
1094,1749
713,900
2270,3056
1011,964
855,1624
724,798
2174,1463
1593,2691
1172,726
1345,1745
1710,1669
1333,1735
847,857
992,3339
1304,2274
2475,1842
1141,708
1160,1633
2206,3923
1187,1975
1435,3690
3489,2700
1308,1709
965,1653
1463,2054
879,1154
1075,987
1501,605
1212,1028
975,1036
1103,1001
2447,2214
714,540
1295,2319
970,657
2051,2952
1331,3510
3336,1420
1783,2215
852,901
1474,3427
729,881
1252,1513
959,4401
1491,1296
1711,1029
1768,2843
2909,2066
2816,5151
1357,4311
1433,2819
5922,3054
1574,4262
1182,1243
1089,2034
1309,4206
1963,4033
1598,2524
989,443
1150,2324
1506,2198
1050,1243
1786,2585
2063,2127
932,1677
1211,1824
3440,4211
1229,2568
1458,1944
2058,4707
994,1993
1010,1247
909,854
886,2242
929,1090
1124,4277
1054,778
940,2320
1596,2164
4554,3578
1832,1472
1381,1689
1318,1844
931,3037
1219,1097
1519,1884
939,984
1235,1933
2303,4840
1065,1650
1188,2720
1239,903
1660,5669
1524,1120
1384,2073
1094,1230
3045,1360
1494,6017
920,948
1258,1158
2277,1786
1383,793
1253,3401
931,1117
877,1530
1736,3858
2686,1299
2547,4322
1184,1603
1572,776
748,964
1326,1811
1513,5293
3498,2648
852,1200
1524,1555
1947,2550
3287,2862
2148,1470
808,656
1911,3123
1185,2460
1180,851
1889,4065
1694,2142
1628,3312
1577,2363
886,2590
1323,1581
1334,2686
2192,4263
1545,9689
1211,1448
1012,2190
1594,2692
1118,2088
1721,1596
2725,3706
3566,2722
1544,2180
1001,2739
1255,887
1909,3523
4986,7836
1633,2042
804,971
1429,3676
887,1619
1804,2556
2193,1870
2709,3405
808,1347
1166,1724
1288,1591
1500,912
1168,2154
820,444
3145,3695
1638,829
1253,7147
1572,927
1852,2577
803,1597
1015,890
1128,1195
2467,2358
2387,1844
1377,1928
2510,4216
1092,757
1715,1536
2408,1884
1770,3064
1339,1602
1856,2147
893,2858
2254,3349
9099,8706
1379,2186
977,714
777,1051
1294,1560
1191,1524
2417,5801
1270,1873
1579,1360
1124,2010
3272,1638
1352,2189
1697,1605
1321,1950
1375,1392
1748,2270
1252,1653
908,2076
1597,1422
1995,1642
1230,2946
1193,885
1015,1340
617,622
2298,9071
1087,1225
1884,1600
917,3314
3436,2322
1833,4231
1458,1745
1598,3540
1181,4270
1244,2654
1182,3511
1470,1257
1973,1211
3830,1946
4303,2055
1449,1470
1191,3278
1137,1361
4195,3154
3981,4025
1455,4976
1076,733
1018,3254
1889,1969
1231,846
1386,1326
1009,1575
1566,2415
1643,4914
994,611
1113,2716
1763,1455
1360,1494
1258,1787
816,1195
916,1483
2496,3932
1364,1557
1280,1390
1669,1484
1015,968
751,2669
616,1129
868,1128
1205,559
1211,558
1953,2372
943,2340
800,855
1259,1837
928,2721
1136,1733
1064,1867
1330,4194
789,655
1085,2058
801,1273
892,1200
2077,2194
1432,2152
1474,2321
2099,1890
884,925
936,1452
1093,639
2033,2964
2171,1351
1630,3055
1105,1307
2442,2468
4089,5235
1168,1704
3865,3047
2914,1816
1365,1165
1408,2611
743,2695
1592,1791
1006,700
839,1215
1089,1161
1033,1633
898,677
2045,2088
708,1246
1262,1787
1191,5522
930,954
1120,1831
862,1550
2009,2503
1780,1992
1307,3402
1161,2470
727,672
1307,1154
1086,1271
876,2160
1457,1334
1065,1441
2381,2269
2520,6098
1347,1158
2804,7118
2128,4207
1708,3580
3046,1324
2827,2309
851,2690
1309,1340
864,1056
1434,838
3374,2486
1096,4241
1175,928
1019,4670
1768,3971
1448,1233
1894,1789
1123,1243
1278,877
1223,1309
598,2550
2805,3307
1203,2460
1307,1648
965,878
1355,3220
1276,1538
1932,1487
1891,1449
1843,2960
2060,2769
2235,2168
1047,566
1164,2092
2181,1017
898,991
1086,787
1159,1203
3260,2161
1051,2070
1634,952
1652,2350
1405,2258
1110,1202
1525,1120
1163,735
1087,1436
1237,1367
1754,1044
1170,1270
1217,1587
892,663
2098,1482
852,1662
1148,1879
986,1417
5155,2516
2010,5160
1572,869
1108,1351
844,923
1368,2569
1285,1045
900,880
1101,1892
1815,1942
1320,2226
680,857
1076,1392
933,1172
814,1034
1167,1965
992,1659
667,814
978,1034
1846,1179
1999,768
1241,2428
1548,1408
1276,760
1314,1413
1437,1459
1304,1281
990,1025
1107,994
894,2038
1458,1049
1638,1569
1262,803
1255,1713
1359,997
1793,2302
1157,1319
1698,2310
1059,1737
1363,2614
2185,1586
1148,1528
1183,1351
1488,1491
2253,2074
1601,1313
3829,3724
1549,1340
971,2320
1100,1290
1087,936
824,840
1678,2657
851,483
1551,1478
1026,1194
846,960
1478,1325
1429,1029
1085,6138
1327,2233
1257,1286
1187,1383
1755,2395
2341,1578
1265,1141
1537,4519
840,1313
1193,1824
1473,2007
1407,1994
2120,1689
2514,2150
5133,1746
1499,1959
2236,998
1151,1273
648,1041
1125,1115
875,1074
1934,944
1557,1626
804,986
1327,1818
1110,1248
1522,1986
1180,1755
1175,1725
2597,884
1758,1741
1379,965
1809,2368
1739,2747
1412,1558
1429,681
1762,1552
951,1243
1033,2868
1757,2520
1589,1830
1430,3236
737,1118
1296,2551
2364,2497
808,988
879,1643
1874,2532
923,1669
916,932
1099,956
1940,1547
2796,3389
1735,2066
1348,1732
794,1409
1383,1043
1766,2049
2259,3322
926,1115
1520,4646
765,1694
2513,6389
2617,3796
1068,1933
1815,2176
2281,1887
873,1222
1120,1140
1856,1831
1215,3333
1514,2309
2096,4064
1172,2802
1125,942
1107,893
1352,1412
1053,2093
1502,1274
2239,2519
977,1514
3251,3766
2344,2017
1901,2927
1098,2643
1496,1914
1201,1452
1446,2997
1204,2489
1481,1486
1239,4212
1808,2535
1399,928
1062,1470
2163,2115
1321,1405
1191,2326
1616,4787
4700,4795
977,2232
1142,1277
1363,2167
1315,2402
1939,1625
1216,1336
1114,1132
1281,865
2600,1482
1107,1233
1277,2140
1572,1503
1517,1745
1633,4394
725,1185
852,1723
912,2318
2126,1073
973,2334
1644,1759
875,1010
1509,1851
1340,1131
1071,1344
990,1315
882,723
1540,1325
1334,1463
1040,2686
1416,2875
1147,1631
3071,4082
974,562
1473,1600
1243,1520
2209,2859
1172,559
1485,1327
962,1207
1654,1895
1033,823
1955,1325
1290,1946
1738,3024
1371,1062
1161,2110
1013,2082
1104,2631
1726,1155
1287,1547
1667,3743
1303,5147
942,586
1067,1163
836,542
951,875
1054,2939
1041,1560
1186,1327
858,975
821,860
875,925
2235,1239
824,1181
1398,1123
3485,3458
1325,1589
1321,2015
952,2336
919,1756
2029,2030
1076,1368
1679,2369
1182,994
1064,1018
1388,2439
1331,3066
935,971
1105,1071
1858,1251
1023,4041
1905,2817
1026,2288
1419,1053
1544,1459
2679,2441
1668,1723
4487,7605
1657,2258
2171,2714
1431,2661
697,443
1025,1063
1090,1591
1177,1522
1471,688
2065,1682
959,1252
1107,1613
820,1702
1116,974
1230,974
1375,1455
1410,5108
2870,3398
1151,6773
2446,2490
1501,2751
1153,1223
1353,2880
1079,809
2161,761
1552,2345
968,1324
1491,1062
1380,3308
1755,1304
1250,1054
1247,1677
841,3303
908,923
2997,6550
975,713
1030,965
928,5507
1266,2147
1097,1008
1137,1379
1110,706
1223,2674
2286,3283
1549,2064
3723,5278
2459,3963
1616,2362
1223,1914
1763,3205
2977,2203
2000,2766
924,1665
973,471
1191,2004
889,681
1236,1626
1210,1124
965,1195
3250,1461
1986,1955
953,3299
1486,2502
1189,4459
1859,4272
3626,2294
1575,1722
1230,1332
2849,2808
1218,778
1438,1561
1336,1629
1119,1315
3245,2272
1222,1727
1152,1021
1571,1113
926,1883
1696,1897
1497,880
1713,1464
1901,1571
1534,3099
2410,2403
1061,792
1658,2275
904,1620
1757,1389
1289,1307
1107,1655
1958,3493
2255,3270
4487,2112
1577,1652
903,1496
1220,1182
1901,660
1153,486
820,1389
1715,2109
942,3151
1100,1440
1112,1023
823,851
978,1166
1665,796
1421,2209
748,1441
952,1414
1804,1568
1594,1674
1190,2298
1141,762
1093,1206
1303,1427
1222,2193
1227,1040
1208,2386
1836,1882
2259,719
5948,4567
1352,1400
2374,1479
3168,3632
1193,1908
1040,736
1065,1122
1915,1662
1679,2210
851,723
1768,1416
916,938
1223,1072
1515,4827
1017,692
2121,2537
1460,1295
1274,847
2134,1100
1331,1706
2046,1551
2234,1038
781,727
2279,2421
1995,1482
2504,3001
1615,5739
3089,2547
1524,725
1091,1076
2594,1559
4100,2037
1993,3549
1071,1826
2719,2877
1109,1244
1023,2878
933,2371
1161,877
1777,13260
1016,1178
1239,695
7438,5448
2178,2355
3981,963
1344,1339
1143,1180
883,1476
829,1584
1191,1927
1418,706
1006,3750
2431,2542
970,1219
1143,1384
2042,2267
1340,2214
1249,1344
1263,1635
1432,2122
1755,1195
967,979
998,2064
1266,1586
1054,1334
1513,3546
1463,1019
6013,3477
1125,1823
1037,871
1463,1015
1094,1268
1067,1247
1767,1600
1693,3300
1882,1638
1103,892
1366,3597
1115,547
2267,3119
1952,1509
918,1261
853,3801
1118,704
980,1823
822,713
883,7840
687,1065
1608,3758
2298,4181
914,1868
13677,2726
1104,2612
1240,1196
1739,1966
1853,5416
825,758
1001,2227
1325,886
1394,2582
1418,719
1795,1169
1267,1874
1713,1621
875,884
2774,3130
952,916
1253,1218
963,1475
865,816
2155,2552
1119,1185
1406,2127
1308,2080
1101,1069
1368,2136
1458,1692
1495,5407
1109,888
1758,2880
2402,647
1696,2318
1723,1421
788,687
1320,1091
1423,2635
4613,2154
1281,3536
1807,2138
1540,2368
3956,2852
690,1220
1409,2050
1276,2085
1196,2146
1298,1299
1077,1746
1101,2216
903,1338
1314,1465
1365,3990
898,998
1494,1168
672,616
888,1753
1118,706
1247,941
1331,3341
1750,5216
1101,627
1562,2297
1481,1795
1612,1569
1606,1629
986,2159
1738,1168
1592,1338
1063,1407
1287,2483
729,673
1215,1520
1289,1125
1232,1259
1315,2365
1934,2082
1295,1686
936,1815
1238,1671
3790,1674
1636,1920
1480,1462
2416,2111
2352,1240
1221,1493
1064,1587
837,1141
1291,825
971,1474
1261,1784
2001,1297
1126,1549
1151,1358
1336,2639
1124,1856
1845,1458
993,1417
2295,1375
1486,1774
1056,1027
1117,1075
1906,1546
1813,6400
1481,1138
1093,2347
1119,1404
1429,1476
1004,1342
902,886
1844,1471
689,656
979,1056
1277,3091
2595,3491
1380,2997
1204,1741
2007,1218
1045,2868
1104,1712
2352,2151
1343,1328
1650,1514
1167,857
1259,1527
2163,3085
973,1783
3809,2032
686,1050
2665,7081
1129,1612
1218,1827
1385,1138
768,3186
6162,3557
1806,2085
922,752
1640,3334
780,879
1196,996
1985,6023
1433,1409
4893,4994
764,521
1393,3037
1037,2164
1045,792
1575,2621
1015,719
4129,1743
1203,1321
2726,3104
1748,1813
1293,4334
2624,1198
4856,4327
1032,1014
1964,4328
1555,3017
3778,2388
1352,1108
1166,988
3413,2180
1548,1526
2306,2799
1099,1686
1727,3296
2805,1326
741,840
1136,1006
1398,1809
949,1784
1774,4637
7174,1703
1829,2108
2531,3323
1472,4395
861,1312
1111,2703
1870,2107
1870,1823
1007,470
1452,1365
1097,2591
4813,4041
1288,2099
972,673
2548,2310
1457,2376
1769,2674
925,982
1658,2366
1488,2202
1415,975
1342,1284
1072,1637
2015,9021
1241,1191
672,1341
983,1649
2214,3199
3958,3055
1265,1613
3428,1428
879,1077
4595,3456
964,1052
1421,1068
1792,1652
733,838
1112,1224
3413,3391
1509,698
1350,1116
2018,3890
1956,1693
726,642
1286,2395
1643,2774
1359,4506
1548,2416
2212,3165
870,1442
1085,1819
1495,1187
1534,1953
781,824
1170,1464
938,2119
986,730
1634,1607
1510,1583
2086,2243
1732,2956
1319,1095
1717,2180
917,883
1053,2279
1469,2697
3755,4795
1168,1214
1423,1232
1308,1730
1131,2128
1403,1547
1564,4694
1792,3955
1815,4301
1382,1600
999,2173
1175,933
1280,7413
2021,2471
1676,1254
987,913
1413,4801
1433,4316
1622,1429
1458,1788
1497,2041
1872,2081
837,1030
1545,824
873,1153
3800,5409
1053,1630
2391,2621
3103,2580
1020,1265
1465,1858
1799,2632
988,1633
956,2135
2064,901
1219,3841
1606,1935
1254,1949
722,1832
2637,1264
3145,1220
750,795
1205,1220
1172,4410
2603,3518
1033,1562
1487,2400
719,1226
1732,1225
1905,2211
4883,5422
899,1556
1194,1162
1051,1232
809,1627
1921,2167
1497,4447
1686,2290
3185,2584
1583,4658
1208,1393
1592,3158
1593,1139
945,2686
921,1189
834,6947
1597,713
1889,2757
997,2620
2379,1747
2964,2153
1841,1868
2242,2627
1479,2359
1227,1184
1796,2561
1448,2017
1246,1413
1692,1366
1050,1029
972,2157
1330,2301
1156,4332
2771,2331
1436,1578
1320,1706
1571,3074
1227,1441
1245,1501
1349,1157
1037,1231
1417,3950
1388,774
1254,1525
1393,3126
1745,2363
1844,1955
1183,1967
3760,2902
1083,2517
2990,2464
2770,3760
2665,3631
2652,1953
1514,1391
908,2008
1361,3086
1416,1992
1807,2500
1480,736
4786,1800
6204,2107
1366,4035
1884,859
2381,2858
1192,1953
1247,1063
5007,6310
1065,2171
2000,3884
1450,1007
1173,2899
1654,1472
928,1314
1128,1824
914,1547
1184,1633
1511,1174
898,853
1347,1735
1122,1711
1769,1793
1887,1653
2674,4742
1417,676
5379,5015
1597,2283
1476,2342
1161,3947
1532,1037
891,1181
887,625
1427,1653
2489,1272
1128,1308
1557,1957
1475,1581
994,2179
1516,3117
1259,3151
1196,698
1334,1218
1530,1658
2327,2570
1773,1042
1504,967
1615,1854
1386,939
2236,2553
1738,2058
1034,1938
1983,2284
1475,827
1075,3717
2590,3390
1695,3079
1217,1658
778,1839
1092,1904
1400,1221
2789,2716
1751,8729
817,473
898,1267
1929,5148
1487,1869
1225,1927
1392,1777
1032,2877
1369,2256
1456,4202
3331,5039
3506,3736
2394,2600
1595,1339
1565,2987
1092,1464
989,1286
1464,924
930,1391
1021,1512
936,613
1541,5811
2360,3881
689,1688
2292,1995
950,4426
2860,1413
1238,2379
1235,2251
1123,1198
1070,1010
1057,1554
1355,4076
1750,2931
1165,1354
1787,818
871,1767
2262,2345
1460,1551
1519,3890
2422,1606
2270,4513
1460,1351
1121,1249
2383,2751
1413,1020
1147,5086
1649,1838
2063,1872
1438,2124
1201,1140
846,651
1182,1561
1303,2112
1456,1828
727,755
801,1431
1268,1032
1417,1100
1210,1473
1783,818
2418,1295
1178,1349
1085,1926
1252,1048
1321,1270
6104,2173
1112,1623
1177,1365
988,1029
1151,691
2220,1160
1296,1492
916,1393
1574,1080
1301,1602
1541,1840
750,949
1202,1386
2493,3784
687,1282
2443,1778
1105,1376
1257,1999
1116,1666
1016,875
1230,1953
816,746
2195,2835
1317,1594
1327,1840
1385,1822
1226,2139
1114,690
1229,1646
1469,1300
4174,2546
1458,2080
1395,1385
2079,1026
1322,1040
2069,1945
1608,1168
943,1871
949,1895
1726,2653
1659,1257
864,1662
1193,1699
982,1045
1027,1152
1134,1790
1115,1918
1032,951
1152,949
1704,3367
1125,5231
1013,932
1381,1117
900,1929
2272,1680
1475,3049
1476,1646
1707,2813
1165,1456
1610,1088
1623,2692
1611,2843
1222,1898
1731,4092
943,1367
2193,871
2533,1704
1549,2038
1208,1595
1018,1924
1619,1456
1207,862
1117,3235
3672,4756
2761,2334
3487,1382
4528,3321
3121,3600
1243,1062
1121,1452
4058,2973
1121,2804
1732,2797
4513,3998
2346,4583
3079,3747
1865,1737
1048,5366
1601,1133
1658,2485
1078,1081
1220,704
1467,1629
1105,1093
1063,1667
2864,964
5143,1812
1199,8214
899,2973
1213,3238
1015,4471
1275,2518
1115,943
1656,996
3929,1949
1159,2357
1449,926
1041,2985
3048,3661
1881,6698
1247,1069
1751,963
1735,1825
2508,2116
1498,1859
1169,1746
2530,2506
1646,2399
800,988
1316,1313
1272,1773
2883,2210
802,921
5191,5067
2369,4281
934,944
1660,1894
2297,1532
1195,1550
1766,1195
1484,800
1284,2643
805,5696
1251,609
1032,760
1106,1501
1000,823
1593,2380
1619,1634
747,1366
1046,2550
8196,2530
969,926
1442,1258
1164,553
1183,1032
997,1280
3800,5381
1313,2175
828,1543
1190,890
981,1072
1306,3720
1196,2887
2190,1792
1225,1126
2086,1106
2770,5337
2086,1856
1303,1401
925,1115
7941,5941
6842,4320
1083,1402
1366,2202
2523,1670
874,902
1763,1978
907,498
888,2056
962,1773
1000,1349
1712,1706
1811,1297
1578,2228
1005,2251
1159,1224
914,691
1042,2116
930,727
946,1025
1597,3128
2253,1459
1315,936
975,1583
5998,2877
1276,2662
1735,1118
1513,1993
1602,1537
1549,2265
1409,920
3586,2505
1524,1154
1176,640
1672,2373
802,921
1892,3560
3448,964
1652,2855
825,869
1213,2374
1245,3357
1099,2249
2628,4410
1490,1062
1082,3364
2694,2466
1278,936
2257,4029
1490,1838
1282,2627
1116,949
1919,3259
1735,2010
1747,2181
1623,1706
3539,1865
1556,1220
2956,3238
2406,2353
1267,1887
1014,788
2924,2064
1144,809
1235,1046
996,1217
1583,1372
1736,2179
1338,677
1112,647
1536,2151
1097,1201
3042,1360
734,1177
1180,631
2296,1658
1050,824
1196,1246
3156,2002
1988,1012
3405,5130
1568,2710
1117,863
2283,2043
848,711
1175,1150
3391,1571
1689,1077
1357,1403
2278,2794
1502,2832
1884,6035
1743,2506
1169,590
1692,2048
1416,1832
1195,1186
1455,1760
961,1114
1209,1757
905,1145
861,1147
1286,947
1179,1876
988,777
1055,1774
1158,1524
1074,562
1632,3002
1479,5076
1543,2872
932,802
1472,1956
1816,1899
1323,2256
1497,935
1208,1442
1845,3470
2147,3378
1500,2403
1307,1477
824,678
1366,1192
1719,1205
1357,2328
858,1679
1779,2326
1900,1367
1656,3224
1217,2343
2969,5085
1638,3090
1085,1774
874,1070
1172,1296
807,829
923,1446
1017,1014
1006,955
1398,1255
1412,1471
1103,1036
1895,4906
2365,3883
792,1025
1794,8091
2359,938
2128,5399
1403,1208
1283,3900
1443,676
1220,1547
1845,1246
2616,2425
1951,1400
1027,3642
1704,1752
1249,510
987,663
1327,1955
1378,1954
1921,2147
905,1460
1160,1996
1693,1357
1190,4324
3332,1911
1343,1810
1325,1842
995,2171
2131,2196
1105,1611
1398,1434
12908,5985
1779,5398
2007,1695
1096,721
1433,959
2112,3226
1610,2518
1280,773
1043,1303
1401,2109
1402,1807
1676,2321
1611,1183
2117,1526
692,758
1731,877
1475,1245
1639,3758
1493,1203
1760,2139
1198,1407
2178,1372
768,948
938,2048
1323,1400
1104,1352
1132,1420
1644,1615
1518,1565
2892,1381
1825,3492
1126,1187
1346,2230
1299,755
1038,1268
1373,2100
972,1557
2098,2966
1509,1590
1309,1514
4254,3407
6175,2262
2886,4570
1866,1680
3574,3532
1336,1108
1288,2159
1504,2439
2159,2287
1657,1451
1156,681
2512,1094
1216,815
1099,670
6142,5199
1760,883
1314,2786
2944,3771
2116,4652
1421,881
15829,2551
1052,1297
1299,1422
3474,1663
1413,3232
1032,1004
1828,2675
814,2915
847,1236
1567,1981
1448,2689
1221,1221
1620,1845
1626,5571
1214,1993
1156,1400
1609,3370
1351,780
1483,2367
1392,1461
1335,1283
1468,1738
1143,826
787,1353
1682,1056
1112,927
1915,902
1222,2115
1306,1188
978,931
1556,2074
10299,2585
1274,558
1363,1063
2271,2012
1169,947
1399,1421
982,1465
1411,1031
1345,2089
809,1882
1267,1477
1313,786
1361,1751
2155,3671
997,2396
872,1156
1076,3340
953,1231
1920,1829
6740,3901
3188,3283
1603,1004
1404,617
1184,1364
1267,433
2537,2744
1393,1748
2015,1468
1404,1647
2503,3002
867,1827
1064,1620
1020,1313
1433,899
980,588
1651,1259
1779,2808
1793,1959
881,1000
2404,1339
2266,1803
1784,2482
1435,1410
1301,3295
1293,2560
1059,834
1579,3009
1148,2747
1495,2806
2571,1758
931,802
714,1890
1076,1390
1431,1066
868,1061
990,2583
1111,910
1292,1158
1046,660
2585,4727
969,1303
1321,2591
1406,1865
1176,1628
1088,860
1614,1434
905,771
749,772
1736,1999
1825,1296
1019,2559
1261,1516
1176,1601
1278,1747
1089,1152
1778,1607
877,708
1314,790
1047,2003
1381,1229
1330,1244
1315,1127
1386,1706
2027,2648
1373,1235
3529,3150
1372,1615
1127,621
1899,2106
1391,2785
2773,4286
1756,1883
927,742
2244,1866
1306,2509
940,2499
4667,2936
1711,2047
921,1142
830,819
1915,1902
1612,3703
1073,1092
1533,4356
1201,1799
1375,2676
2761,1016
2793,2176
2378,2347
1969,2257
858,1119
1045,901
1129,2753
1765,3775
1465,621
2168,3190
1029,1977
1694,2440
1061,911
1882,2965
660,638
947,1458
1990,2276
848,1735
1611,1712
703,979
1760,1845
1954,2335
1504,4804
1265,1168
985,1135
2080,1401
993,834
2450,4712
984,931
1136,1326
1093,798
1349,1171
1539,1679
1041,800
1432,4123
3046,9400
1129,3447
3019,639
1804,1169
796,1591
1617,1255
1460,1646
1666,2543
1144,1244
1400,3244
2302,1791
1598,1318
1221,984
1078,2519
1191,945
1509,4373
1734,3948
1812,2219
2988,3200
2369,1819
2320,1771
783,924
1620,1530
1242,1686
2458,1439
1611,1735
2385,4763
1045,1096
1166,2143
1490,3314
783,1045
1137,1095
1507,3215
1335,1745
1196,1765
1160,1336
3494,4762
1149,826
2650,3023
2590,3942
1443,1425
1687,2607
1651,756
1207,2564
1362,2202
2541,1948
1331,1669
1259,1401
2177,3560
6269,2751
841,1133
1194,4166
1658,784
985,751
1146,910
13419,2988
1125,2689
8460,4480
1778,1299
1091,2978
2579,2626
1790,2172
2337,2725
1426,1874
1182,2659
810,1072
1011,1303
1678,1796
2926,1925
2056,825
1305,2206
3264,2992
1580,1322
1696,4035
2315,4846
1017,1066
1430,1370
886,1386
1822,1550
1124,1374
1286,1748
1689,1370
1101,2688
1765,2618
1543,1377
911,1113
810,4098
1093,653
2464,2501
3838,2173
997,1348
1605,1772
1896,1049
3920,1442
1930,2525
1149,1888
1090,1281
1884,2546
1005,1402
1290,2520
1688,2360
2419,1131
4563,2011
1315,1258
1101,1459
1317,2763
1268,2349
1438,823
917,1294
2607,2361
1717,1872
1432,901
1533,1134
2378,1931
1417,1165
1700,1418
1311,1618
1534,1819
876,748
1509,1055
1774,1875
3715,2073
982,1789
1101,1555
1615,1537
1438,870
1484,2656
827,794
1432,1158
640,1659
6904,2407
1889,2585
1585,1280
2574,2810
2633,950
2826,1962
1453,1507
1246,1423
1049,854
1611,2047
1071,1247
913,1282
2062,2637
3558,1810
1302,1383
1834,1897
3379,1447
736,861
977,1307
1523,2153
1555,2279
1494,940
1062,1592
4972,2401
953,1881
2834,2412
1037,998
2026,723
1032,708
853,1298
2292,1818
1259,1320
1915,711
1474,1584
1587,1541
1148,1913
1410,820
2025,2216
896,942
1035,2403
1167,705
2972,1433
1797,1721
1336,737
1601,6335
1413,1299
1737,1731
1852,2839
1441,1989
2053,1063
1739,1630
978,1315
1431,967
1885,832
860,1133
1898,2574
1117,1122
831,1353
1280,2250
1124,640
778,2578
953,1238
2100,1865
3366,1886
2809,2275
924,850
1034,772
1270,1555
2203,1349
1581,1589
2608,1959
3066,585
2864,2273
1117,1376
2270,3509
1122,803
1508,1264
1853,1080
3390,5050
1229,2089
1345,753
936,3511
997,2651
1166,766
1662,1822
5434,3375
4711,3447
1710,2456
2740,1739
1310,681
1066,620
1249,1404
1561,2467
2406,2183
1040,661
1994,2849
1003,1495
1149,694
1101,1723
1517,1744
901,896
2518,2847
1207,1836
875,611
1787,1664
2542,1662
1309,2001
1682,4093
980,4073
1272,1468
999,1747
1022,1017
1216,1314
1294,1728
1116,1403
1087,1488
2349,2213
1288,1023
901,958
1454,1556
1389,2257
1268,1416
1011,900
2844,2595
976,2550
1338,1381
1228,612
1130,503
1293,2262
1564,1336
961,1742
1924,1580
856,1518
3119,2856
922,1584
985,488
1640,6302
2590,1214
946,1097
1203,1202
719,708
1138,1447
1763,1971
1558,2310
1196,2527
2154,3186
1232,606
1182,780
1125,1363
1946,2748
1532,1531
1162,1243
1717,2261
2802,3174
1241,1125
4357,3318
1426,1314
796,687
1244,730
1091,1321
1009,1009
3549,2086
1606,1795
1079,1263
1642,1870
1656,971
1285,1586
2146,2683
1999,1424
1813,1098
2061,2515
2351,2874
1507,3722
1449,2300
1156,2040
2480,2320
3113,3241
1458,2600
1585,2181
1315,796
899,939
8189,3973
1573,2647
1150,1120
1013,1286
1150,2156
1358,4981
1852,1982
2159,2014
1571,2866
1412,1673
1098,1936
1288,1843
1092,2142
1417,889
1166,2990
979,1360
1937,1322
1254,2032
2272,3646
2804,1870
1374,904
1187,1606
941,712
2742,3219
1483,1931
1099,1135
1835,1234
1455,1930
1183,1453
766,779
1385,656
1559,1392
1687,1572
1060,1591
1668,2557
824,1147
1254,1401
1320,1778
1441,698
2462,2448
1256,1494
1288,1317
1271,1141
1807,3462
2354,3029
1275,1548
1100,1861
1211,1267
2100,2134
1019,1999
842,1693
1570,937
3301,1291
1020,1160
1451,1412
2940,3359
1751,1748
1691,1649
1678,1813
671,394
1338,743
901,669
969,1183
1008,986
9181,4473
1544,2919
10613,4410
2164,3130
1347,1158
1996,1969
1448,1243
1513,2467
1192,1072
1654,1982
2195,2176
1435,1336
1386,1176
1463,1366
2144,743
1657,2147
1143,1382
941,1766
1383,1533
1564,2432
1084,866
3190,855
1301,2277
1478,2755
1955,3111
1563,1100
1395,1211
1967,2426
2730,3734
801,1155
1404,1035
1390,1291
1664,1213
3087,3777
1830,2423
1212,2019
1648,1282
1394,1584
3487,5226
3913,4881
1973,1393
2136,2295
927,1114
1097,1527
1760,1743
1458,3358
1453,1021
1070,1461
1279,1573
1779,782
1127,1442
1065,941
4501,3081
1233,1667
1760,4491
931,1283
1059,2041
2183,4348
1148,822
1270,1432
1223,1012
1814,2896
1242,1292
928,1470
1311,2008
1132,935
1665,2581
1043,644
1774,825
1434,1029
1602,1167
5263,4134
2253,1769
1433,868
1575,1398
1912,3506
2330,1687
2360,1126
1566,3173
1322,2496
984,2214
1161,2793
1343,1765
1786,3553
1276,741
1853,1768
1882,1552
1027,1079
1158,2659
1067,2575
1778,3365
1115,717
1026,874
856,1074
959,893
1784,2677
1045,1290
1354,1647
1445,1422
7564,2426
2641,985
828,778
1489,1099
1628,3410
1984,2884
1910,2586
2258,2638
1137,637
2125,1839
2681,2272
1271,3795
1655,2150
1197,1860
1436,1988
1012,1720
1345,1107
1625,1018
1361,1819
1000,691
2551,3840
1774,820
1343,2020
1882,2432
1325,1957
1295,1134
1431,3118
2204,1923
2436,1646
1018,786
935,984
1736,1654
3770,3371
1397,1808
1201,1491
1042,711
1315,2447
1468,1392
1256,1857
1928,2384
1146,2546
1260,3167
1234,1219
828,771
3757,3519
846,835
1222,1764
1261,1348
1596,1263
856,702
1684,1212
1116,546
1160,1205
1087,703
1363,3796
3539,3425
1190,1225
1197,1479
974,507
1322,875
2653,2635
1109,1229
2880,1662
1692,1863
878,1072
1251,502
1879,3131
1034,2212
1023,1798
1314,1209
1895,935
1195,1600
1869,2671
2019,1834
1962,1446
1162,1822
2177,1724
1716,1635
945,1119
1503,758
1115,555
1210,1491
1562,1080
1244,2213
1598,3620
2188,3768
3057,3542
1572,1278
859,565
2674,6114
1542,2019
1301,1081
3388,1402
1275,1839
1678,1056
2760,1717
1135,718
3008,3498
2002,2392
1162,978
2384,1365
1616,1125
1319,1653
1224,1771
1305,784
1375,841
1467,1012
1131,1472
1118,2507
1008,1849
1691,944
6402,1886
1821,2022
2014,1410
1232,1002
1487,1365
1938,2175
1231,2239
2386,1296
3740,2987
2579,1873
1019,1296
1338,1605
1915,2143
994,517
986,847
1263,2779
1793,1207
3241,1633
1809,2003
1371,990
1315,1304
1304,1371
1608,982
1516,2084
2286,1662
3857,1576
1945,1990
2050,1125
1377,2157
928,498
2276,4502
1978,1211
1665,3002
1078,1480
1185,1410
1608,1659
1533,2179
911,1554
1190,1603
1409,943
1285,1557
1439,1712
950,624
2416,1729
1851,1238
1399,2100
1092,1021
1374,3320
1232,3907
848,1343
1002,2147
915,1178
2343,2725
1655,1379
1570,1370
1296,1460
1387,984
1852,939
2544,1849
1242,1078
1178,1385
1794,1687
1689,2006
3079,8308
7286,2894
1557,970
1649,1453
1523,1622
2415,1877
1965,2609
1342,1065
9668,2470
1595,2755
1886,2677
2366,1382
3507,1795
7258,1349
1596,1890
1695,1385
904,2940
2152,2032
2475,2281
1942,1512
1659,2043
1441,1979
1903,2359
2026,2521
2767,982
999,2701
2128,1706
1931,1993
1658,1020
3123,2911
1670,1228
2854,790
1536,4296
1503,1667
2346,1011
1249,2693
1602,3319
4476,3035
2152,1717
1422,1043
2650,1438
1860,2758
7847,2423
1378,2761
1224,2043
1738,1875
1436,1746
1348,1137
1830,1106
1678,2436
1475,2878
2821,2223
2006,1962
1597,934
1076,1362
2787,1792
1106,1523
2748,1639
869,1017
1869,731
3811,2589
2110,1330
1538,2608
1152,1724
1514,1560
2770,2737
2128,2623
1072,1300
1359,1362
2252,2643
1740,1572
2434,1817
1598,1922
2337,2491
2791,1332
1391,1267
2356,2437
1625,2917
1244,1090
1441,1804
1349,1277
1372,987
2338,1911
3005,3029
2683,3206
2129,2817
1994,1049
1220,1518
1456,1163
1225,1685
1245,2535
1922,2509
2712,1304
1745,3936
1196,1619
2029,742
7165,3027
2249,3532
1880,3116
1649,1820
2699,1736
4226,1745
3261,3462
1472,857
3247,2387
1136,2441
2369,2113
1671,2703
1420,1046
904,1927
3614,4099
2675,2925
1361,2109
4755,2978
1249,1434
1080,2558
1475,1710
1278,3909
2500,1355
1043,1958
942,1329
1902,1418
1480,1297
3652,2008
2011,1181
1392,852
2414,2084
2291,4536
2663,1887
1433,793
862,1209
3105,3630
5842,3359
1771,1350
1993,1350
1020,655
2698,2609
1544,2389
1256,1925
1345,1450
1236,1095
1107,4482
1235,1226
3320,4177
2288,1885
1875,1794
1609,2798
1796,2871
1549,2712
1459,1269
1436,2998
1574,2197
1409,2823
1923,1761
2187,2586
1005,1331
1475,1946
1465,2959
1705,1734
1762,2775
1504,1409
9636,4621
1882,1694
1679,5392
2619,1839
2033,2709
2163,2491
1952,1604
1302,1950
1246,909
1429,1734
2123,3069
964,1954
1794,1756
1827,2919
1316,3172
2385,1698
1400,2347
2965,3882
1246,1275
1130,1584
936,3311
2517,1879
1418,807
1149,1772
3989,2465
2391,2665
4818,3692
1366,730
2228,3820
1199,2200
1987,1522
3029,4102
1121,899
2230,3848
1109,966
1775,915
2423,1718
4502,1421
2521,2800
3235,1784
2521,1707
1884,1874
2104,3933
916,1102
1813,872
1402,1425
1237,1513
1968,1517
1564,2534
2932,2119
2345,1187
4617,3088
1269,1552
2207,1481
1460,1738
2315,2301
2290,5288
3699,3273
2498,1087
1152,812
1009,1372
2089,5557
1406,6105
1737,1347
2349,2025
2672,2727
3273,3616
2936,2922
2983,2662
1389,1691
1138,1568
1998,1542
1705,2377
2361,2246
1174,1522
2137,4209
2055,2396
2351,2127
1449,1589
1774,1128
964,3579
1581,1342
2337,1507
5709,8197
1649,1810
1099,2429
1552,1203
1876,1668
1917,3008
6058,6377
1039,1791
2788,2582
2673,1591
1733,2377
3468,2237
1087,1249
3756,2140
1399,995
1881,1037
1028,1511
1077,1142
1353,640
1914,2111
1367,2793
845,1829
1463,1737
1325,1461
1861,2166
1652,1839
2103,1871
2622,3664
1561,1239
1251,3230
975,2039
1577,2539
1343,1485
3305,3725
1393,940
1325,1513
1319,1660
1568,1772
1381,2225
3596,2325
3979,6806
1074,1153
2419,2672
1833,1739
1317,2856
1582,668
1553,1645
1043,2490
1905,4103
1873,5220
2429,2294
1478,1690
1897,2200
4973,3066
1570,2956
2012,2524
1152,1944
1331,2473
1014,2412
2562,1935
2602,2849
1814,2402
2518,5554
1887,1548
2003,1891
1370,1085
1330,5969
2406,1881
1450,970
3398,4225
1113,1665
3398,4067
1017,1631
1151,1318
1386,3392
2076,1408
1830,1423
2212,2710
1410,1650
2669,1997
1471,3160
1100,1398
1182,1399
2713,2514
3014,4084
2124,1960
1671,1473
1187,1137
1396,1694
2552,2385
1790,2071
1665,2269
1093,1150
1868,1101
1395,3060
2489,1749
3381,3946
1862,1889
1440,3541
2778,1280
7351,1210
2831,4000
1457,2706
4019,4656
1871,2303
5389,2874
1008,1204
1350,1111
1778,2078
2142,2304
1689,2764
1580,1777
1622,1762
2157,1366
1938,1618
1766,1718
1663,2217
2832,3353
3110,1885
2888,1679
1645,1008
2070,2409
1237,1395
1175,1075
2240,2322
1311,1477
1491,1749
3730,3242
4828,2965
2924,4604
1093,2397
1272,2172
1186,1390
1862,1762
1905,3352
1621,1882
1544,606
2567,2039
2111,4878
1658,2466
1781,2976
2100,3179
2081,2110
1802,3559
3172,2930
2589,4606
1241,1070
2309,1791
1039,1719
1693,1531
1452,3633
2626,2929
2321,600
1261,3076
1186,1155
1514,2637
3744,2416
4410,1966
1238,1669
1460,2064
3229,4085
1038,1130
2246,2806
3641,4269
2025,4100
1987,2825
2548,1710
3114,1953
1868,1765
2296,2078
1083,2729
1763,1706
1656,1715
1074,1097
3437,1243
2201,4169
2610,994
1251,1930
1132,2439
2720,1565
1542,2811
2235,2816
1430,1794
1363,992
3893,1554
1193,3352
2367,1295
2886,1486
1857,2069
1352,1942
1423,2224
4902,1821
1508,1469
1807,1456
1370,1543
2117,4030
1746,1627
2592,2191
1822,3065
2633,6849
2408,1845
1480,1219
1257,1257
857,516
2099,3329
1083,880
3206,1845
3615,2580
1028,1421
1159,695
1676,2177
1397,1815
1285,1789
2769,2658
1723,1597
4369,4528
1179,4465
1104,1754
1449,1057
1877,1677
1456,1002
840,4017
1259,2327
3261,2674
2122,2099
1070,1300
1391,2553
1657,1127
2788,2875
2054,1324
4046,2111
1778,1845
2559,2803
2348,2067
3247,2624
3094,2848
4287,3060
1719,2244
2269,1534
1467,2175
1841,1680
1621,1253
1091,1897
1461,2073
4903,1497
1303,1944
2523,1593
1391,1558
1864,1753
2982,3669
3316,1723
2391,2177
3780,2331
1262,2232
2386,2151
1624,1643
4038,3200
2109,2560
1982,1908
1287,1101
1769,945
3158,2833
1739,2026
2906,2655
2892,2105
1597,1481
1220,1930
2785,2818
1830,3478
1451,2588
1193,993
2229,2050
2554,2140
2846,2479
1115,1662
1787,2282
1669,1874
3930,2773
3107,3199
1493,2227
2474,3871
1583,838
1853,3212
2968,3568
1434,1973
5039,2466
1727,2576
10738,2453
2246,2503
3214,2729
1348,2450
1412,2358
2264,1637
2860,3939
1367,1717
2658,4536
1241,1728
2701,3532
1637,732
3315,3204
1213,1269
4285,2902
2217,4759
1375,927
1124,888
1626,1551
2047,1238
1614,1640
4996,928
3410,3769
7650,2828
2240,4025
1426,2943
1384,3327
1380,1215
4110,8565
1702,2633
2261,1689
1199,1809
2000,2614
2120,1338
1501,2813
1501,1073
1433,846
1293,1603
1871,3474
1503,895
2236,2861
2056,2154
2622,2010
1645,1188
1930,3299
2181,2948
1964,1661
1810,1793
1289,1970
1718,1559
3230,3993
2255,3356
2448,4486
1178,1007
1605,1827
1606,2924
1398,1169
976,1358
2486,1904
2085,2959
1197,2336
1649,1634
1616,1747
1657,1848
1515,1476
2238,2562
1764,1061
2010,4259
1746,2314
2372,2864
1420,2580
2623,1823
1667,2047
3083,1512
4028,2758
1923,3403
2078,2400
765,885
1526,1197
3527,2743
1410,1368
1158,2106
2207,2667
1140,809
1487,3210
1287,1614
1299,2510
4095,4049
4245,5280
2107,1908
1448,2216
2859,2222
1749,1261
2624,2757
3802,3601
1533,3398
1883,1978
2795,2638
1495,2447
1782,1286
1624,1060
5349,3136
1885,2028
1886,2968
1952,2171
1124,1436
2693,2401
1977,1526
1511,1305
3799,1888
1560,1375
3121,4535
2987,2813
3558,2950
1887,1497
2233,1424
1368,1330
1276,999
1421,912
1439,889
2230,2523
1173,1388
1243,7143
1877,4925
