pyram,clock
711,2085
1333,1399
1117,3475
1397,3166
1606,1499
1264,2117
1147,974
1649,3336
936,1280
1681,3905
1793,2616
1192,1263
692,1161
1293,2342
3162,2994
707,910
1307,2442
4211,6329
433,1071
1515,2131
534,1039
1968,2750
1701,1851
1670,1923
3738,1771
1763,2525
730,1119
933,1345
1946,2821
1635,2975
450,2351
1664,1852
1055,1048
2012,2873
944,1010
3052,1232
479,943
1619,933
1408,1732
1199,1187
573,1193
2385,3474
2496,2959
537,1904
968,2043
1104,1516
1780,4004
646,1091
2116,2571
1008,1759
1175,2636
939,1351
951,1161
1230,1790
703,2006
616,1033
1048,3622
505,1104
826,1248
1315,1733
2320,2973
797,860
2483,2048
716,6632
801,1303
1019,2143
1284,2323
1342,2193
288,1283
282,1106
383,3062
1380,3311
2382,1593
2128,1439
2825,1907
1300,3886
1968,5623
1064,2627
1134,2984
940,1767
775,2319
989,2528
1332,3005
742,1244
998,1096
951,1874
715,1853
1603,8168
1526,3412
1638,3079
815,2027
659,2032
1418,3322
489,956
1710,4275
1158,1611
649,1097
1143,1365
1182,3982
1868,6401
1368,910
489,982
640,1327
977,4357
1546,4908
1965,3250
723,937
3994,3180
1150,1502
974,6024
833,2742
1561,3392
1392,1366
867,1413
2364,1354
549,772
982,2062
1463,3413
806,1471
1725,5647
875,4852
1107,1074
1702,3186
1170,4727
958,2084
797,1163
780,1144
2111,4563
1566,7523
982,3617
896,2282
2758,2050
441,831
1069,1159
878,2164
1311,1527
1472,3434
1960,1171
2083,5502
1368,1093
733,915
630,2120
721,1356
1233,3167
1634,2365
3141,1886
1198,2267
1370,2086
961,2293
599,1042
963,3149
990,854
835,1405
604,1811
817,1026
1127,1653
573,1366
1109,1712
714,1182
647,1125
629,1165
1450,2284
477,848
3041,3419
266,4261
1548,1777
429,766
3364,6057
1256,1060
1864,3111
475,846
509,972
1258,3633
321,2305
963,1626
676,2554
1629,4404
865,2334
1052,1879
796,1358
681,1831
671,1740
1206,2513
1469,3018
1460,6408
1505,4479
1146,1416
556,901
638,722
736,1801
1466,4217
725,1137
903,1271
2221,2601
492,1124
791,3930
1513,2249
2516,2104
1004,3676
821,1344
1546,2942
701,1750
1697,5585
1040,2005
723,1959
699,1745
485,953
957,1943
1402,5662
730,1064
538,1068
1260,1607
748,699
477,1846
1669,5174
765,3915
503,2558
1455,4905
4064,6922
1250,5106
1668,3852
804,4948
1585,2966
1753,1834
2400,2038
1270,2841
1814,1799
346,1710
1634,2424
4073,2496
979,1085
1183,897
666,1568
2186,6158
640,3672
787,1211
487,2045
2186,2934
6050,17481
1511,2588
957,2605
947,1993
692,1099
1159,2825
1020,1649
767,1444
508,1129
1163,3560
533,792
842,3779
666,2479
1027,2514
1319,4936
534,1695
676,2509
1126,1869
902,2657
1184,2871
561,1108
875,1717
2130,4400
3485,901
679,2270
1249,2745
1032,843
1548,3383
1075,2368
853,1998
1947,3497
374,1237
1622,8223
839,1199
2927,3963
557,1363
600,753
753,1061
908,2027
985,3503
1022,4325
652,1233
1738,5972
1548,7222
489,724
960,795
818,2015
1905,800
591,1548
330,895
580,1260
991,2395
1388,1415
907,1807
477,1216
497,1380
1416,2608
527,1433
729,3493
1460,943
465,964
659,1135
742,1522
507,844
1159,1326
689,3522
620,1458
512,1379
639,1701
653,2605
1113,2666
984,1070
1437,1908
880,4650
980,847
1404,2417
1247,1747
2903,4961
2498,3406
781,1318
340,1180
849,1976
982,1683
848,1261
464,1097
498,2833
1015,2255
2428,6644
771,1395
1836,2521
1008,4233
425,933
424,1110
1290,1331
1506,2464
2187,3813
510,1208
4280,3273
2623,1160
2138,2878
2113,3022
903,1155
1158,3525
1649,6079
1060,2291
1042,2414
679,1276
765,1072
625,1004
605,1515
666,2127
2902,3122
2398,3238
1083,1945
1423,4273
1007,2842
1300,4601
1212,1812
973,1142
803,1486
778,1277
1576,6293
472,1926
964,1905
1639,1338
646,1918
646,2027
396,1763
538,1309
2006,2618
1159,3084
829,3876
992,3759
924,2762
612,1815
579,4142
1028,2820
687,1639
2207,9175
911,931
727,993
1081,1165
697,4636
1148,1565
815,1464
2100,2846
513,2157
1668,4442
1456,4243
1046,3357
594,1209
1566,2140
851,1223
4170,3053
1528,4176
928,3396
1524,3222
626,898
646,922
968,2353
938,1308
1626,1312
1452,1461
1110,6490
973,1443
1210,1335
615,2434
2219,5494
781,1807
723,3696
608,1243
746,691
686,1502
1871,2511
649,844
505,1485
958,1824
1038,1639
1031,1094
893,2209
535,935
888,3121
1873,3741
806,2630
951,1951
1229,2206
832,1334
1576,3687
902,4179
1405,2111
1450,3421
1589,3071
774,2516
1627,4078
329,492
670,1498
542,751
1641,3135
1329,1523
993,1853
1271,3880
767,1887
1249,2579
1479,4619
1369,1457
632,1656
1911,1893
1247,1732
557,1352
1237,1907
1396,3225
1484,3244
1023,4229
796,6412
1368,1037
543,757
1159,1612
940,1515
1361,4653
597,964
386,1092
657,1350
543,1198
517,1188
4373,5511
778,2987
1181,3289
469,2172
494,5764
892,1156
1692,1669
2336,1653
726,1031
421,1326
807,1527
800,1099
668,2041
2228,1412
2537,5718
1572,3483
873,2322
1385,3164
975,2128
365,687
1036,1907
1153,1810
1073,2483
501,745
702,786
726,633
636,3079
2144,2541
1308,1028
471,1049
1370,3815
2325,8612
1084,2502
801,1408
1050,2765
324,1029
1075,1401
558,735
1279,1410
645,5197
1264,1468
506,1822
2043,2535
768,1445
469,1347
2588,730
956,1769
1250,2674
1964,782
1129,2525
621,1227
825,1719
758,1334
579,2071
1131,2015
1647,1928
675,2185
872,4989
933,1224
395,950
976,1641
1206,1213
582,3279
488,1702
623,1398
2119,2506
1720,2894
1738,2560
1092,2815
420,1180
712,3856
1236,2651
1234,2856
923,1470
1579,2762
1439,2082
807,2913
553,1277
529,2746
1246,2778
758,2381
1683,3993
506,3556
1186,5036
565,1304
421,577
2758,6130
974,826
558,2971
611,1428
575,1138
777,703
1311,5073
687,2564
793,1667
800,1765
2100,2820
1000,3421
1021,2661
501,6613
1177,3671
622,14746
404,677
1037,1757
629,690
204,2096
424,1023
1194,3820
417,1706
322,745
887,3510
698,1895
3320,3975
1415,2538
1065,2097
447,1911
2131,2470
3197,4297
1401,2566
1070,1398
1568,4885
1031,2656
1410,3583
709,1351
390,916
774,3178
711,1046
202,1378
919,2896
1019,1127
613,972
1229,2365
938,1326
1550,4507
1362,2985
544,1043
921,1323
1107,6211
368,1610
1350,2049
1262,1613
1344,1899
636,1609
746,1722
430,727
880,3549
583,2274
686,2172
342,1986
596,1252
1578,5587
402,953
421,1543
2182,4618
2577,4250
4977,7832
1008,665
963,2838
945,1394
964,1883
921,798
682,4286
1172,1642
2022,3276
1385,1271
1065,1880
1464,3029
408,682
584,838
986,2690
886,1892
2355,4626
3666,1372
565,1817
1189,1898
667,1868
816,1419
653,2664
586,1231
1101,2825
811,1840
474,990
472,703
878,3871
1588,3251
515,1021
764,1409
1132,4636
973,1998
297,788
1810,2599
1047,1223
669,1102
370,832
993,2411
1252,2439
2669,9406
1105,3188
575,965
2067,1982
1567,6835
1102,2878
1385,5180
828,1657
832,1921
1024,755
2100,5497
374,1527
2210,1525
1218,2162
494,3804
851,4030
1233,1693
1449,909
2142,1469
631,2133
1115,827
2391,3288
1205,4880
475,1647
1628,4265
537,1155
1127,1829
1439,3014
560,1401
1284,1300
910,901
2405,4891
517,2302
958,5498
1039,1361
2318,3669
707,2509
1527,3542
723,1424
448,1518
400,1297
1752,2060
2458,4847
710,1639
1307,8450
1048,3331
746,2181
1460,2529
869,2177
562,967
810,1211
808,1414
1351,3052
1875,1385
646,1345
1717,2989
1005,1807
2026,1771
844,2261
449,1338
824,3038
1626,3152
579,1381
1190,3643
1685,2820
451,606
1216,1724
477,1027
1283,2353
1226,3701
1461,894
689,1781
723,1675
2263,5207
775,1188
720,2616
726,1371
2087,1814
883,1375
1486,1890
1638,5788
1226,2309
1618,3306
793,1992
580,2365
693,2356
2419,1387
1621,2940
886,1419
1870,3320
553,1782
1220,3977
484,1696
1609,2608
581,1096
1006,4032
1528,1735
912,1791
350,868
496,1201
818,1901
2882,1410
1097,1967
549,1577
1023,2240
460,1097
1088,2738
1695,3157
861,2320
1454,4307
1138,2756
897,1162
767,4164
623,2554
301,851
881,2963
449,598
945,1790
527,2640
365,768
312,1440
890,1441
1011,1710
1045,2737
664,1755
1104,3538
1489,1080
569,1034
1843,2620
1211,2495
1017,2561
399,1443
638,1207
644,1270
656,910
402,1002
1416,3256
771,1777
777,5733
898,1136
4084,5529
1162,7685
1027,3315
916,3032
1767,4060
1091,2482
1703,1377
2277,4403
2623,976
1157,962
683,3429
916,1081
1670,2041
533,1661
905,5851
809,1751
900,3086
565,1373
752,2434
530,1333
716,1963
2622,1967
815,2100
575,1175
1395,1952
1886,2792
476,2264
862,1040
859,1844
914,2946
340,915
828,1525
479,2455
642,1195
507,1064
1187,1890
1357,1199
807,2102
403,865
370,839
1377,2374
486,1854
1379,2321
1596,2269
545,2103
496,8306
470,1226
1043,2709
1124,4148
422,1460
707,1303
585,1227
357,1847
826,1891
825,3547
1264,1605
1885,4261
742,3243
1142,1725
1075,9803
1754,2700
1362,1944
396,1404
1027,2911
1570,1662
1687,1420
885,4205
579,2320
1136,2692
880,4075
1651,4912
740,1419
529,898
597,1798
740,2671
434,1218
1141,1524
2442,1774
623,1594
1325,2776
4855,8871
690,1818
1157,915
331,582
346,1095
551,2495
1924,4263
569,2900
703,1075
1099,1956
605,1305
622,3345
1419,1062
409,2635
1213,2016
482,1808
905,4685
1228,2780
624,1434
571,2603
967,1880
673,1678
1190,2020
2308,709
1671,2008
851,2366
872,1864
991,4431
478,3288
949,1081
1328,1606
929,913
544,1238
628,1182
1022,3489
471,2762
1054,1734
865,1374
379,1099
724,1949
783,1718
339,518
679,1345
2532,2366
1910,4320
719,1101
1026,2165
611,910
333,777
3035,880
1824,1374
470,1390
1914,4190
1054,2704
547,1779
713,1340
995,4405
847,2632
1609,4218
1834,3695
761,1505
837,3288
1931,1708
704,1496
409,508
628,885
409,1062
1050,2231
2325,3235
1177,3963
933,1670
1211,2397
1430,2111
660,2701
552,2855
765,1709
841,2840
1453,5883
1104,3078
684,1222
523,1570
622,2382
1028,3568
547,1008
777,2781
868,2967
1475,2372
1472,2500
1842,4682
499,1272
3717,5304
1237,2257
1206,1431
828,1419
1114,4410
679,1821
1286,2035
265,1483
389,1203
1099,2333
1467,1608
948,4226
1042,1601
691,1274
739,1394
447,1220
841,1335
434,2019
489,1510
1125,1773
1188,3128
955,1020
1288,3138
1576,3218
590,1307
587,1873
1223,2613
654,684
935,6227
1284,2538
553,941
1299,1206
799,1517
650,1913
1998,5105
1140,5604
1346,1379
747,2214
2607,5987
2011,2450
2529,2472
1237,1673
1096,1299
596,1439
453,1929
1032,1147
1265,1661
1897,5553
1256,3659
1642,5640
1251,1765
877,783
1011,1620
527,1203
591,1609
749,1629
486,1148
3507,11663
709,3163
1309,6038
1422,1678
2177,2507
429,825
1263,1065
621,824
1419,1456
2668,3288
718,793
931,3692
445,2965
328,1026
734,2672
653,1608
476,1257
730,2277
763,1578
3538,7928
877,2403
1090,3764
1237,7683
1078,4353
2474,3231
1611,2700
546,1027
607,2388
1346,3792
627,3476
601,1434
406,1364
1345,2695
570,836
797,3143
489,1144
1373,1607
1757,941
555,3461
1262,5319
617,1015
1641,2604
525,1997
1048,2468
859,3202
557,1220
1376,2984
3030,1422
947,906
811,1744
1130,2841
673,1011
882,1338
1833,3008
264,1525
658,3343
464,897
367,642
735,2032
671,1285
1802,4425
1917,2177
887,1379
1042,1947
1348,4299
5961,17412
736,1104
895,1862
819,1234
337,1265
1919,3737
451,1370
589,946
552,1219
1287,4237
524,2366
1264,3239
729,1311
729,2128
473,1279
583,3043
1379,1630
3397,4544
931,2920
1003,1380
650,2735
676,1905
1217,1560
1780,10544
991,1804
1525,2541
459,3620
1794,4188
900,2185
1463,6909
1257,4854
859,1244
687,3042
446,1736
948,2132
344,2008
658,1882
433,536
1360,3094
1808,2279
972,1059
1263,2621
877,5017
760,1526
986,3148
1405,1074
1420,3534
715,1826
327,919
2055,2666
430,1572
660,1880
637,2027
815,1338
462,3277
1510,3382
2044,3317
719,1803
1639,3236
592,1887
1074,1917
469,949
392,1291
554,2121
439,911
1106,4319
660,6355
662,2007
571,1357
472,1697
663,1185
675,927
1044,2783
1222,5321
1607,1934
1278,4307
581,1707
1096,1204
1399,3127
709,2110
495,1031
566,1253
963,1377
467,1910
706,1713
636,1492
914,3332
1111,2060
620,1167
405,3280
861,7123
1221,6867
852,3336
954,4526
800,1815
389,1647
1862,3149
768,2692
423,1628
681,894
516,1018
820,3595
1018,2842
584,1798
437,746
974,1173
533,1155
506,1215
916,1872
487,1502
803,2962
1064,2375
1131,3484
644,2027
2645,1581
1151,1773
406,3108
543,1108
908,2786
1117,2809
534,1272
1176,4021
722,1130
806,3431
874,2284
422,895
589,5491
830,2045
1056,1512
1489,1960
1510,3776
677,3011
1472,2692
1016,1379
599,639
1387,2277
834,2709
862,3206
487,1351
1618,2331
338,1951
1385,11140
1464,2464
954,3898
1181,3498
429,2075
1373,2642
1784,1327
694,3215
520,781
1649,2641
620,1991
447,1864
1261,2006
1579,3399
27636,4814
1990,3736
741,1470
539,1100
1175,4105
1799,3571
1192,1770
360,1803
550,6471
1798,2740
753,2119
551,1395
1583,3166
2042,626
641,763
668,3842
2404,1572
1165,1749
1069,4263
1886,2962
1750,3026
560,1370
783,2062
385,774
330,2892
394,1871
1407,2396
1109,2022
680,1279
686,1708
577,2155
474,1265
601,1788
359,774
735,4863
924,2554
653,1588
281,1842
552,1989
956,2749
1672,2319
378,925
1103,6062
1181,965
356,933
640,1209
458,2300
1508,2641
1789,10864
242,946
811,1371
1306,1445
993,4866
1235,2358
1183,918
713,1203
663,954
1028,2118
858,2495
789,651
771,3460
643,3728
1466,2370
1123,2423
1105,4365
658,1717
540,1248
828,3999
1442,3754
312,4415
679,980
534,1208
620,2902
1740,3947
1196,2860
1026,3075
1037,1672
351,759
856,1258
733,3981
814,1944
493,880
1879,3215
634,1959
569,1093
1446,3341
2412,3053
449,1035
786,4672
639,713
710,861
760,4183
707,1230
1076,995
915,589
1192,1502
528,1591
565,887
1060,2757
772,4099
1096,4094
1468,1175
934,1422
260,1897
709,2307
2319,1407
1359,4430
1018,1522
483,1432
591,1700
557,1157
786,1280
945,800
1593,3409
1443,3190
1859,748
759,1210
307,1005
537,2515
456,1456
1753,7491
683,7156
572,776
420,1384
1474,1363
1239,2254
1307,4247
789,1270
623,1498
315,1384
719,1824
1194,1605
2537,2260
1071,1839
827,2430
1483,2405
373,2860
1093,1903
540,2196
835,1506
454,2224
774,1454
435,2588
1905,933
690,1193
537,1191
615,1514
448,1166
1317,3347
5137,4262
1379,3366
2704,3097
593,944
522,2643
509,1237
456,669
410,927
829,2272
588,860
673,790
438,1574
333,963
489,1338
1935,5022
654,1290
992,1834
600,1768
829,1931
595,1805
1320,2418
840,1376
370,830
302,1801
847,1645
632,1971
633,1448
804,1471
618,2742
756,991
3900,5400
738,1170
1201,1235
528,815
780,2064
1647,2794
490,1253
955,1724
481,1735
815,2105
419,1409
1160,2124
915,1073
536,1082
579,1444
816,2033
398,1768
440,2598
1035,958
1395,2954
310,637
241,684
1461,1877
3350,4655
557,1499
789,2207
866,2458
565,591
893,2367
497,2360
734,1197
1036,787
500,1625
1113,2408
1732,3568
289,1022
1137,1044
245,1005
621,3545
538,791
1228,1920
457,3064
2572,3439
1284,2298
693,1395
311,906
392,796
719,1370
314,1742
600,1014
987,3535
1311,1871
527,2214
1013,2507
232,948
1520,2869
981,3077
761,3832
1370,3181
498,2074
612,1428
471,1338
968,2666
993,3532
567,1712
378,1425
1395,1869
487,493
759,2801
775,1822
1667,3313
689,1286
2021,3600
953,3445
525,1612
1360,1774
524,1818
1013,2308
390,2454
615,1533
1615,2660
506,1671
1380,1652
706,6214
931,2368
1216,2222
1036,1202
1076,1442
720,1451
718,1381
1933,2267
617,1937
675,2201
254,749
330,900
1982,2418
839,2470
633,1376
366,810
546,1541
607,2166
1605,1717
233,936
723,746
1123,1379
1171,5650
239,666
1168,1267
447,1012
620,2106
1092,2034
375,1104
1167,1114
1196,2019
867,1320
335,632
588,912
1168,1387
676,874
618,3269
827,3606
447,865
428,1377
514,5280
752,2329
1148,1164
906,982
1339,1671
453,722
941,1402
782,1612
830,2128
942,1524
1402,1551
913,1543
737,1298
429,879
477,784
909,1305
482,917
1985,8092
1123,4262
732,1117
491,1115
2985,2653
1244,1328
898,1792
1101,3567
763,1365
558,813
881,2359
860,718
1213,2644
987,1441
815,2168
1158,4299
879,882
512,781
735,1868
817,1335
886,4717
742,1134
1299,2492
1318,1809
1447,4493
1135,700
753,952
645,2107
806,851
732,1413
1231,3635
622,2633
601,1932
1042,2221
1183,2672
519,1203
204,602
739,834
307,845
1093,1585
353,948
1233,2448
402,3038
855,2564
994,2708
1035,2204
853,2555
1607,6141
908,2784
657,1482
493,1417
734,3733
496,1114
915,1819
1526,3045
1485,2259
980,1308
718,1785
1090,10100
630,1759
1791,6998
1316,1592
2782,3327
724,1446
874,4909
880,1853
388,1964
734,1846
788,2927
275,546
462,1391
496,945
567,4875
634,1114
426,1942
831,2589
952,2872
989,3018
272,716
732,903
272,1081
745,4393
913,1127
311,2374
500,1518
312,701
628,1429
2436,834
2676,5161
2028,5196
724,1107
659,2300
1788,5061
491,2756
899,685
890,2230
1042,2859
972,2666
787,1397
715,1572
900,2856
1254,2397
1401,2099
708,1515
1100,3000
585,1293
421,2273
402,997
600,2049
552,2820
662,1274
923,909
1026,2596
1424,3276
408,1754
861,1914
257,1035
633,1897
1007,2849
501,1572
1082,1649
2944,4940
239,1179
367,935
721,1896
1662,1215
754,1902
974,2638
1589,6405
638,3042
1608,1149
859,4298
646,1263
488,1259
2289,5041
664,4221
723,2428
1803,3266
312,557
1587,2163
1140,2924
520,1184
520,3694
973,3034
531,1892
714,1424
543,4772
1080,2270
520,1070
605,3996
519,1386
380,1443
616,847
467,1899
1098,1855
1585,2316
1168,3516
471,898
538,2307
518,1286
810,1804
654,806
1249,2262
871,959
1602,2253
1346,1570
441,1192
978,453
514,1263
1156,1778
1413,1403
417,1191
1037,1879
708,1298
776,1103
1902,3284
718,1184
616,1608
631,2970
541,1835
427,2724
942,2888
719,2759
902,3957
314,1476
1272,1278
607,2706
602,1520
470,1516
871,2925
1006,1270
3393,4039
667,3566
557,1689
1124,1943
666,1015
653,1409
487,2727
1093,1671
360,1320
521,1085
639,3021
311,1153
677,719
234,1085
1309,2017
1931,2511
604,2901
630,1320
1075,2508
686,1660
716,2942
851,2633
610,1912
1214,5152
1801,3992
482,1222
1723,4828
317,1381
611,1964
918,4178
963,1878
598,1228
509,2146
691,2883
893,1909
966,1034
784,1042
1243,1505
341,1223
425,843
1265,646
1452,7626
1014,2157
907,3148
875,1096
777,1571
281,862
899,1484
317,807
464,3156
422,690
639,1568
294,1108
720,2897
442,994
762,1645
1060,3016
286,1482
1126,1408
781,836
638,3486
247,1804
739,1263
762,2079
591,1727
498,2018
621,696
269,842
490,1161
1140,3210
406,1098
798,1434
848,1336
626,1000
452,1104
987,1662
642,1770
1110,3203
1250,2812
878,1100
326,1298
804,2123
653,2358
862,3313
1626,821
929,2430
293,1232
614,984
1081,2609
602,1551
296,955
797,1799
837,2814
528,1370
872,3032
313,2231
848,1905
905,1259
1748,1761
996,1457
1078,2740
796,1317
537,1842
306,635
381,632
816,1369
1041,3643
1689,1407
338,795
914,3880
605,2563
1016,5460
812,1280
638,674
245,8955
504,1095
992,1077
619,1181
686,1378
672,5019
776,1422
1106,3746
952,3844
1018,3806
1134,1720
1806,11151
1112,1555
555,1407
954,1952
769,2786
502,1031
1187,1100
1040,4413
855,2405
1405,4098
668,619
1333,2101
304,546
973,3134
223,849
757,1324
649,874
477,2508
1004,4892
413,1062
1053,1593
679,984
680,1720
1319,3053
1354,3698
711,1520
335,1027
1124,1635
966,1578
619,1256
918,1477
629,1291
812,1543
908,1364
572,2269
418,2100
952,4605
495,681
437,869
1736,968
417,721
429,1307
1212,12158
1166,2367
1129,2558
397,994
541,3277
976,6042
771,2060
1786,3161
482,1679
1631,3412
904,1954
382,1141
642,1833
440,565
525,1961
1308,2551
1946,3706
454,1377
970,927
1427,2859
320,709
1395,1835
407,1319
918,3466
462,1390
803,5233
1549,3948
2065,7546
566,1592
751,592
770,1589
540,2127
1411,3103
803,767
957,1670
646,1326
994,1828
584,1124
536,1641
301,1216
1103,1807
1776,2752
672,1507
766,3123
1189,3255
741,2417
1447,6148
942,2389
528,1996
708,1701
1210,2438
1126,965
362,2411
1177,2254
724,957
1607,1323
495,1105
891,1166
679,1484
1043,3136
269,992
1013,6745
839,1721
689,1697
555,3488
1243,935
364,850
1312,3535
1087,4803
402,919
1859,3091
723,922
305,828
232,3048
1026,2236
1055,2489
843,853
3585,5384
773,798
629,2682
996,2906
786,2421
1301,1385
1374,2698
570,2112
1502,961
800,1448
681,600
452,1265
781,3922
1359,2710
559,1236
600,911
501,1632
983,1090
597,1757
415,1021
583,1316
675,1103
752,2751
813,820
569,641
1077,3091
752,2078
820,2687
1133,3284
641,1572
1263,1639
600,1043
1251,3257
1073,3556
914,1369
474,1131
1259,2391
411,1752
553,2056
904,927
502,979
1926,3582
1366,1026
523,2151
1239,3102
1098,4391
1032,2441
381,791
979,1411
707,1025
535,2087
945,4234
475,6365
493,2010
560,1117
452,1980
709,3561
343,1528
1093,2051
304,1041
786,1591
591,1283
1063,4260
915,1685
922,1140
690,1815
488,1044
909,1742
552,2759
1723,2311
1346,2064
1001,802
1268,931
1205,3443
644,1217
1209,4754
569,1529
819,2307
556,4192
1529,1657
798,1571
415,2318
1730,3435
834,2028
1411,1158
403,1610
383,1958
963,1505
974,2540
965,3028
1192,1091
673,2064
880,1300
783,2938
381,2243
423,1290
878,1611
534,2263
1308,3679
1566,4137
1556,2118
804,1405
486,724
786,1479
321,678
843,1050
591,1663
779,814
460,2595
472,1595
1152,3335
1218,1438
385,1778
1502,6237
332,1037
755,2842
981,1704
1317,1412
356,1066
1402,2838
999,1418
1585,4962
412,855
735,1635
423,975
571,711
792,1277
584,2571
458,1359
707,1235
1260,3735
1037,2329
230,739
355,1051
650,1366
722,1442
396,1112
626,1458
795,2044
361,1891
366,1439
715,1263
578,1284
679,1503
1548,4496
2690,4125
423,2042
973,862
1023,5076
1611,4070
462,2299
564,1173
404,1853
1290,2336
698,1177
979,2663
534,1053
741,1425
2421,6289
333,1913
922,1956
878,1648
969,3959
559,1929
327,695
392,3361
682,1636
455,1748
1243,6742
1437,2410
792,1910
364,1233
1135,1842
523,753
873,3996
863,1782
489,1061
439,1261
687,1779
710,4007
570,2796
620,2113
756,4148
458,864
837,911
407,1216
718,1225
2108,5022
867,1140
483,661
653,1484
839,944
714,1323
387,1721
524,1328
1812,2744
538,2081
2696,4243
401,1381
594,2659
682,747
525,2988
1140,3170
1245,2301
720,2721
400,2183
801,1725
1022,2039
850,1803
287,856
414,1057
421,2684
431,1837
547,1520
688,1151
967,1092
1739,1065
914,1526
455,1245
839,2047
420,579
591,1443
441,2508
651,3877
329,1514
904,1287
284,2549
748,2254
481,803
723,2736
1026,1785
669,1075
342,1652
1109,1851
1326,2247
544,1477
410,1768
578,2879
1496,3107
863,1502
207,700
556,1182
663,2695
470,1349
635,1427
996,2463
799,1842
368,779
775,1900
643,6354
519,2453
1523,6347
866,1215
1045,2493
1064,4460
295,766
391,3591
420,831
307,1226
494,1035
420,1358
549,2694
263,722
971,2215
706,1427
395,2172
450,1507
1152,1331
450,1103
704,1922
841,1160
262,463
804,946
1415,1749
741,4511
1087,2849
569,936
635,1256
715,1943
630,614
728,1371
824,1550
1033,1024
910,2278
1416,2985
816,3553
843,2256
825,2325
752,1655
1048,2323
1184,3055
563,2455
436,883
941,1044
1102,1320
1040,1216
500,1925
724,1938
1047,2440
231,1099
744,2403
800,1409
475,4176
279,2072
326,827
1298,1313
849,5924
634,1871
980,1770
570,928
1383,697
1022,1004
292,578
655,1334
956,1967
1215,1505
388,1630
392,1114
672,2194
525,1237
1329,943
906,1206
1036,782
621,3119
817,1645
820,1560
1308,872
507,2986
899,1973
761,1351
475,7620
1240,3752
1331,2541
478,1044
292,892
806,6543
778,4031
1059,1850
212,1012
813,914
1040,2500
794,496
781,2579
913,4596
787,1346
992,1066
344,1065
1274,866
1081,2740
1093,6237
1159,5852
304,631
473,3124
701,1841
886,1449
689,2220
1117,2124
1232,2408
323,1639
939,733
1159,7073
732,1202
1253,3447
949,2550
605,1252
929,1701
847,1906
1279,3439
704,1187
479,585
543,2119
401,1261
952,2985
2827,1526
789,890
323,789
445,1735
1160,3567
1507,1858
615,1797
1539,1649
534,732
674,1800
462,1112
726,619
828,755
3984,4419
769,1905
2005,2628
810,1189
1312,2551
598,2021
728,1237
1062,5434
946,1366
510,1724
745,1873
555,957
745,2928
993,1395
523,3533
574,636
1080,2367
333,926
832,1484
426,1804
391,1276
705,1609
954,3667
688,2140
584,1636
709,2066
1461,1532
654,1417
291,2893
587,864
613,1970
631,1548
840,5658
628,670
1153,1325
539,1892
1131,2726
626,2899
313,1022
558,2816
552,866
405,651
557,5084
837,1248
1174,4438
1210,2890
1125,4859
194,1171
1161,2469
1435,2033
550,1259
814,908
411,900
2440,3936
1083,1886
895,799
696,786
430,2041
542,1937
796,1024
889,2373
1074,4644
2127,1233
4109,3036
888,2897
774,1363
644,2884
850,1575
815,1404
341,1031
425,2128
705,1086
557,1046
541,1669
993,4422
704,1469
652,1442
449,1106
650,2099
235,644
515,712
370,3137
422,903
650,2281
2719,4081
534,1001
1031,2851
617,1718
904,2597
722,1613
352,1382
716,1467
272,1455
478,3648
409,1714
495,1445
736,744
511,1273
1168,1461
1324,1475
778,1138
711,1821
494,1728
785,936
1179,2483
677,2888
620,1084
1187,1726
553,1919
1052,2857
1053,2298
617,1567
340,1387
1467,4678
578,764
501,970
606,1658
1721,4745
591,1309
1007,1912
699,1557
248,534
883,1656
1975,4000
502,1569
601,1502
647,2364
657,893
377,1266
1587,1123
1245,2706
804,721
620,1986
453,989
866,1130
781,1821
409,842
1011,5063
808,3527
564,4534
971,2017
696,1938
399,2897
362,1538
997,726
441,921
215,706
2841,3990
307,726
889,2767
325,1054
594,768
554,1631
817,2188
2010,2816
1162,2035
1145,4311
1257,2608
1135,2328
1808,1555
821,1617
526,1806
568,1141
564,4885
913,3095
862,2862
449,1509
263,788
590,1305
1338,2991
619,1221
972,1550
2019,1197
1160,1823
1088,1798
320,1708
837,1756
925,3462
400,1212
550,1981
2055,2908
975,2263
442,3142
1023,3777
725,2404
1030,2510
962,7020
826,2612
642,2397
498,1912
568,3671
756,627
2687,2337
942,1781
1150,2498
992,1514
280,2193
973,1639
883,1421
1403,1706
781,1561
629,3237
609,1592
298,1774
964,832
1260,3002
582,4661
727,2837
545,1512
517,2394
499,5718
833,2216
1517,2730
762,2591
1588,3529
634,2942
1232,5941
701,1854
426,1075
255,628
422,1108
743,1893
894,2668
675,7209
274,4407
788,2564
387,2111
289,1400
1529,1099
1083,1969
1024,2852
422,691
626,1400
1895,1946
544,1281
903,1773
431,1473
236,973
1188,2589
868,1210
1623,1373
559,1382
1256,4179
302,1017
321,884
797,2069
1064,2240
1302,1837
482,1343
1416,3245
388,1027
1132,4246
423,1401
683,1635
645,965
317,937
602,1114
448,937
340,1185
944,3369
837,1945
562,2109
870,3132
1301,800
2350,10313
1300,2793
1409,5721
467,1548
905,1364
248,920
463,4622
1172,2893
1584,4376
741,1115
2339,4062
773,1351
2324,5860
814,1953
540,1346
850,2217
453,1430
3099,4482
671,1420
1216,5876
373,1927
925,1916
519,1447
637,1279
663,1876
297,1167
560,776
1119,2255
341,1185
992,1467
741,1244
689,1579
737,2407
923,646
1054,1542
1042,2717
1191,3909
259,1336
425,1883
1201,1423
885,1502
805,2103
456,2117
938,2205
926,2470
798,3812
897,1352
1027,2310
306,1462
290,939
500,2035
460,1673
676,2467
807,2122
594,1514
706,782
1188,2524
550,1144
1559,3157
507,1455
1377,3149
353,914
808,1881
473,379
448,2013
1317,3149
1331,6485
631,833
865,3828
1187,5296
395,1324
881,1388
463,6024
1201,1774
666,1133
188,770
718,1263
1229,3467
502,1165
703,2477
746,3260
580,1462
1526,805
781,786
1226,3146
1184,4008
1314,3201
315,800
1303,1713
531,1581
551,2046
1389,1542
592,570
550,1299
929,2434
1738,1035
1319,2704
879,2613
1162,1211
903,2685
733,2492
962,1215
527,2439
751,1233
1238,1323
357,871
664,1835
692,2743
558,1534
1077,2637
465,2476
224,745
1423,3192
353,796
391,1514
750,1798
979,2225
951,1994
1163,1781
1352,2530
911,2640
600,1437
647,1463
975,1544
1221,1153
516,1536
973,1502
1354,2001
714,1844
533,938
437,1065
1073,2834
622,1284
369,2405
304,832
415,1255
734,3013
669,1167
561,969
847,2461
871,2602
492,1117
428,967
1459,3044
827,1901
665,1964
1749,2343
652,1060
326,824
840,6458
949,1293
481,1306
1383,2330
1913,1834
423,1325
532,1356
1141,1604
1138,1540
580,1928
692,1731
382,746
1713,3761
882,1279
672,3760
376,884
976,1126
553,1204
478,2566
660,4303
472,1340
540,1816
330,1649
412,913
809,2582
947,3236
1081,1721
580,1046
1660,3473
1471,2192
712,1929
801,1977
384,1689
601,3138
533,2171
858,1795
1148,3450
647,1677
461,1201
449,643
344,931
250,1174
572,3301
1088,2235
720,1632
415,1393
581,3032
575,1897
858,1284
539,2639
280,842
508,2900
546,1647
625,1187
700,1185
958,3185
614,1492
585,3652
493,1496
695,678
726,1228
621,744
914,4103
687,3277
808,3354
870,2445
357,897
1195,2353
951,4523
661,1990
802,1559
884,1316
847,1880
646,1670
976,965
1059,2628
621,1212
1383,955
862,823
580,1907
662,1027
629,1668
2249,6958
397,1267
672,1576
1537,2252
722,2554
1543,1639
546,798
1313,2422
703,1074
692,1608
978,3009
585,5474
1198,4513
606,3720
927,2578
820,2103
465,1262
1364,6702
773,1312
362,3598
1293,3471
1274,2566
259,816
480,1441
752,1373
335,887
666,2156
670,2632
778,1894
875,2894
288,2552
582,1504
864,2071
720,626
1092,2454
1094,1176
710,753
956,1113
329,1005
1369,2796
702,3292
1224,1913
614,2563
945,1843
831,1721
336,690
328,748
1009,1586
816,2807
916,1101
474,1356
865,837
1208,3574
256,499
748,2490
398,798
792,1314
1161,1913
1415,1103
760,875
585,2330
988,1782
357,710
462,1381
767,1650
667,1237
964,1845
429,1928
527,759
479,2672
914,4961
926,6168
870,3842
1338,1899
1308,2711
460,3078
742,1097
829,936
1449,4081
426,1069
1245,3512
207,1226
1930,8370
633,1455
805,4083
1322,3360
320,1503
1578,1381
791,2380
610,1430
978,1651
341,740
527,1609
470,1528
531,1781
1040,1739
772,1741
2635,3291
1149,2274
584,2341
436,1136
529,932
444,1120
595,947
551,671
884,1658
1559,4341
818,2261
581,912
1248,4667
868,2246
190,709
899,1746
601,1715
906,3059
568,983
698,733
695,1019
370,3592
1070,3921
414,1477
234,1003
361,2206
334,1759
424,834
1308,3454
806,4605
574,1080
358,771
686,3256
793,629
585,1340
1071,1854
476,934
636,2922
499,1117
413,1959
642,1752
981,2974
422,1253
792,1750
840,1406
486,1659
604,3426
747,1548
1452,3041
587,1342
1156,882
968,3294
544,1951
383,973
598,2086
1130,1223
971,2093
1134,1496
1040,824
1397,1796
592,1816
900,1795
243,620
701,3746
828,3095
968,1610
647,1683
676,1435
439,4628
940,2426
1876,3524
512,1385
839,4150
468,1180
769,1014
1286,1938
1297,9639
581,1287
969,4417
289,1118
958,2147
2345,1278
435,973
557,2618
1266,2487
1346,2173
617,2151
1044,1868
367,783
3246,5131
1035,2021
363,1224
713,2245
656,3159
702,1873
433,1602
726,1602
1978,2160
992,2397
410,824
1249,2719
512,1658
728,699
809,3036
583,1737
964,1366
565,3936
615,1032
1200,2410
1120,1966
600,3101
292,395
592,1319
719,1738
437,1305
619,2086
1256,3219
319,921
672,2898
921,1885
1551,2585
683,653
1068,2439
999,2512
438,975
266,1387
496,947
439,1731
312,630
713,1523
1097,1154
468,1665
775,2692
612,2415
800,3232
780,1011
503,1730
1155,1196
609,2093
947,1137
336,1558
502,800
256,1662
1099,1916
486,757
622,1238
1075,973
477,646
304,877
975,1305
999,2469
510,1745
260,3894
259,634
854,1609
1277,1165
352,1075
308,1264
601,1432
316,1694
935,1743
1668,1995
331,1852
527,689
506,1148
699,1581
1043,737
442,746
1002,1963
440,1419
733,1628
1014,1262
772,2154
942,3610
1193,2910
439,1308
850,3056
408,1073
1307,3606
477,740
574,2983
314,748
1280,3046
336,601
558,1619
785,2689
682,2101
702,939
459,1084
466,1404
1128,2574
596,971
1785,3869
405,1369
298,1584
518,853
305,783
818,3633
870,2932
424,1009
1383,3001
1129,1155
409,2070
343,1629
315,990
974,954
743,2104
802,2262
1314,4221
347,814
179,827
563,2149
899,2484
490,1287
307,1174
554,1360
816,1598
807,1570
1013,1926
993,1804
731,3914
466,1296
172,1513
1566,3254
1317,6183
291,621
459,876
492,1083
725,954
865,1927
399,817
554,910
791,3392
532,1087
591,2649
250,796
358,1028
618,1379
1668,1550
1128,2323
587,1558
659,2412
887,1571
1157,3375
834,2304
334,1284
697,1589
393,1300
564,1240
452,1425
1234,5364
1083,1809
2072,3777
782,2878
569,1207
698,4811
454,1555
1341,920
1016,3099
1033,1455
797,1195
640,3302
512,1039
885,3221
539,713
1643,2243
583,1759
828,2089
847,1672
784,3501
547,2257
1383,3971
1000,1831
590,2611
408,1670
529,1650
1044,1635
484,1517
280,768
1194,1478
355,1838
583,2659
1402,1873
593,4471
1149,860
491,1168
931,1688
493,1056
805,1069
629,2628
710,5283
1013,3098
692,2859
433,1339
586,4007
1203,2750
495,3164
312,1069
510,1069
1854,3458
1810,1153
685,1362
712,1421
712,1620
599,1223
919,3913
354,1194
974,3672
219,1011
536,1526
665,2047
646,757
531,2151
1009,2168
635,852
375,1207
802,1736
425,1484
724,3290
277,974
491,2086
696,1664
1327,1644
503,3242
911,1566
777,1976
313,679
845,11020
1067,2484
573,944
960,1512
649,1018
572,2102
456,735
1208,2074
2368,3095
926,2020
590,2216
365,516
922,2486
765,1686
843,876
493,3697
505,1276
1650,1088
583,1391
1176,3671
735,2680
1347,1855
1067,2932
1143,1576
1017,1128
1308,2263
791,1970
1697,2629
1027,1201
837,2229
462,1768
963,934
566,1900
359,1248
1502,2275
630,809
427,1241
452,1458
248,626
299,1141
1498,2146
783,2095
711,1468
530,1471
1216,3270
942,5619
214,973
743,1559
1303,3673
1073,3609
821,4395
861,2104
1000,3669
525,696
872,2990
1119,1819
506,647
982,3001
355,1258
383,723
351,565
1736,1260
258,1162
389,1457
900,937
569,992
1101,1285
2099,857
411,1296
629,944
597,1829
678,2448
1009,1935
266,695
474,1238
963,2893
1098,2739
229,772
920,2487
422,1164
985,2081
786,4069
755,2584
536,701
681,1712
931,3956
771,1995
1244,1385
903,2986
555,1066
612,1111
806,2140
846,2151
852,3435
461,936
593,4751
717,1777
761,1194
968,3638
651,2346
697,2057
539,900
1506,2521
1055,1940
634,1978
604,1165
821,2565
899,1886
695,1605
498,1034
1166,1397
597,1134
799,1347
1218,2430
943,1129
1309,1719
2816,2731
703,1139
274,2530
1376,3069
778,1725
1222,2788
1047,3964
835,2945
663,1272
558,2023
241,751
1685,1933
429,1368
1684,5168
755,2036
804,1877
792,2279
494,1789
457,1532
843,2291
1277,4530
1386,3279
843,4496
1212,3880
462,1101
1027,2481
764,1321
354,854
526,2292
420,697
688,2277
1533,2408
696,6962
414,533
652,1908
888,2197
652,1360
554,1051
1579,4639
470,3474
1238,784
436,779
403,1172
294,846
759,1642
660,7796
515,5374
1077,3190
853,1763
429,1513
734,1076
797,1194
561,1053
681,2429
239,1477
680,3100
752,1045
591,703
385,983
503,1662
657,2100
889,5396
463,1294
782,783
563,1828
496,1071
285,1693
610,2391
708,1776
382,890
393,2414
438,2062
958,3524
731,780
832,2343
547,1025
429,883
1324,4510
691,1716
1441,3799
1104,1609
785,943
673,2002
1422,1599
1104,3201
894,2500
660,2512
1196,3035
663,2987
401,1031
738,1228
1377,2360
1019,2514
566,902
1091,3637
535,698
758,1341
791,5097
940,1067
322,694
539,1722
977,1313
257,1720
361,842
1012,2972
1462,3050
856,5477
399,1024
1317,1713
493,1098
215,726
444,2577
696,1800
450,847
936,3404
361,981
921,921
947,2294
247,974
817,3016
999,1611
1324,1818
817,4877
760,1976
1178,1240
413,2135
845,1417
540,1169
718,1467
989,1854
596,994
817,2366
578,1093
766,602
799,1715
803,1939
771,2267
918,2249
444,1492
663,878
596,1602
823,3327
568,1537
927,1424
898,1734
664,1998
899,2204
598,1787
896,1095
921,2123
329,1094
645,1651
985,1007
600,1832
703,930
464,2020
579,1687
467,1234
1168,3125
414,942
861,1076
672,2254
1490,2496
388,846
362,2292
537,1104
845,1304
991,2303
1089,1427
240,636
930,6934
304,1660
651,1163
677,853
473,990
857,1729
591,1545
660,1100
1607,2727
840,1122
804,2912
232,1043
925,1909
911,773
1257,2135
1417,2781
624,1182
849,2611
744,2679
850,2585
470,1278
943,3458
773,1811
1081,2479
1026,1475
862,2461
754,1532
1010,1918
429,1004
564,3269
824,1472
769,2087
835,1443
395,1016
261,815
610,1124
1654,2815
1545,2106
618,1536
388,1363
863,1842
759,1436
614,2259
890,1462
956,900
634,4303
1049,2131
931,1079
911,1446
1103,2225
449,942
441,1403
453,1156
789,3124
891,3014
861,1315
1064,1665
486,762
472,1189
439,1293
1760,1443
364,1337
906,1184
603,636
728,3086
1014,1380
1644,1960
432,954
862,1133
1791,4644
809,1287
401,1944
841,2684
413,1457
836,1489
691,2368
560,1251
718,1543
3102,6597
1553,4928
3027,5620
267,818
1156,995
513,2077
1020,2821
1700,3179
991,4003
619,1910
336,576
762,2082
1031,1770
558,5182
737,2370
936,1612
784,3124
839,1963
870,903
1558,2653
861,2616
637,2672
569,2445
702,1327
808,2264
597,1689
579,2063
1036,2213
1207,1988
853,2490
921,1784
1461,1835
870,2412
459,1676
1112,2045
769,2459
593,4635
1628,4158
857,1143
776,2185
964,2012
1578,3841
549,1353
1258,2660
727,1805
1079,4024
739,1557
1297,4606
534,1994
390,1638
1520,3395
1085,1886
371,2437
2558,5190
781,1178
267,968
911,2874
502,2286
1754,1828
648,1222
464,610
670,2131
985,3359
522,2116
1354,1751
1361,2995
862,1294
691,1169
574,3402
280,932
348,2092
363,1187
847,2544
596,2169
896,2460
729,2805
1007,1056
307,838
394,1576
957,1933
548,1689
1015,1529
804,2569
811,2050
549,1260
683,2557
1214,7916
835,2247
537,2973
911,2109
486,487
1953,844
784,2584
947,2039
1039,1786
1327,1089
335,511
385,1271
1134,2913
950,1740
637,599
612,1674
765,1360
1035,4984
381,808
1001,2172
1370,3555
1255,2930
703,1262
276,896
479,1477
1178,1636
588,6375
416,1240
1220,620
1291,1566
772,4939
1113,2901
1350,3256
1384,4417
1041,3571
583,2323
538,940
1053,7332
1102,1961
397,3687
577,1307
1257,2196
617,1147
683,948
430,751
676,839
964,2561
620,1138
898,2120
1068,3159
473,1258
293,356
699,1934
591,1161
3883,1387
827,2500
627,1118
850,2080
891,1633
1263,3437
1406,1860
1366,2007
961,1156
339,1171
393,1074
810,1574
770,887
405,669
1183,1300
1779,4779
919,1871
889,1299
845,2102
306,504
323,885
385,803
1103,2400
1374,1428
1585,1348
502,1288
807,1770
2411,5356
852,1442
589,1661
530,1141
761,2206
870,837
263,1390
652,1503
1685,1547
1625,4985
566,2538
1110,3203
1540,1382
745,1744
1755,2464
779,1951
626,909
514,1768
1295,4202
583,900
926,3468
408,1298
609,954
1243,1642
955,1718
725,1395
612,1400
1572,1882
2092,4105
1109,1456
983,1368
896,2317
774,1026
640,1012
929,1097
841,3566
776,2760
502,1559
1223,3446
473,599
2202,2623
1080,2426
780,927
690,1629
378,719
446,516
700,1831
604,1935
612,2291
545,2234
759,1445
432,936
498,1569
454,1224
335,780
998,3681
791,981
1063,2008
744,1174
659,1006
974,1717
1028,1590
780,3026
816,4832
671,2674
1252,3607
733,1504
475,1507
396,1419
534,2648
524,640
848,2476
1093,955
551,759
346,2129
541,1216
377,1152
559,856
1618,1883
1154,1685
1700,2264
505,1532
852,1961
688,1867
1154,1322
876,2275
662,3220
1021,1147
539,1124
1097,3277
926,2119
828,2159
523,1049
439,1053
371,1045
810,2843
544,846
343,1925
980,4230
663,754
4547,1619
879,2020
953,4765
1310,4579
976,2332
887,2004
525,2546
864,2478
273,465
978,1991
211,1475
875,1781
1006,1560
839,1434
531,1278
560,1337
1046,3135
818,846
562,1658
982,1584
858,4530
748,2238
560,707
626,1160
677,1221
472,1207
740,1639
1085,812
1422,2198
370,679
339,971
634,1975
922,1141
458,1062
433,671
1184,2700
1125,1864
883,2232
702,1216
1305,1843
924,4885
912,3924
568,4027
280,1170
676,2406
786,929
713,7658
705,1664
709,2133
739,2883
1115,3884
692,1966
1309,1726
322,878
1063,1235
982,2085
469,989
568,2453
1425,1565
772,7743
387,882
492,2863
651,2338
719,1059
644,3309
1206,2361
694,891
738,1216
962,3517
313,1411
989,1385
346,1401
606,3452
541,966
1603,2102
502,1293
287,1198
216,859
1037,2932
697,2357
384,641
814,2493
517,1255
702,2356
744,1457
1174,4345
920,1153
884,1576
829,846
404,1530
236,885
902,1949
1372,3542
1013,735
546,1388
421,1596
3230,902
1319,1261
466,676
355,690
947,3359
526,1743
847,671
534,720
486,2390
461,4687
1576,3888
393,1000
1308,5152
553,1763
953,2400
1572,4695
704,3142
994,2519
792,2145
609,1953
822,2511
259,1375
644,1559
774,1418
320,1067
830,2673
700,1703
429,1133
322,3453
806,796
1120,1003
307,1315
1539,3485
626,2309
1518,1820
450,1327
444,1368
2054,3394
346,996
1050,2769
331,2035
726,2265
987,3689
878,1935
1089,4146
755,986
1507,3080
779,2831
835,1108
713,1127
1089,5518
359,1969
469,3072
557,1446
518,1120
1160,1973
460,1035
467,1660
1109,962
1188,1510
783,1603
627,1205
827,1845
659,810
502,1942
569,919
1148,885
482,1914
602,1234
347,713
457,2238
757,3349
680,2424
456,721
413,987
863,1744
735,2403
368,926
1920,2982
648,567
586,2936
676,1522
556,872
442,966
538,1039
434,1501
305,1200
659,2268
522,2597
1074,1079
975,1288
770,1511
1703,2106
617,1345
1251,1836
1170,2529
1288,2267
1810,3825
1912,1833
489,1295
869,2384
517,2951
455,915
573,1448
846,1019
305,867
800,961
432,6163
3050,9811
503,1724
573,1802
1224,1262
1309,4148
353,691
674,925
509,1707
1290,2622
737,2072
365,744
937,3033
1690,3496
1283,2520
530,1366
1365,1804
541,786
548,1033
604,1247
567,1320
529,1319
920,1210
1233,2572
752,1359
1371,1830
481,929
570,1356
1333,4475
567,1394
356,973
925,2743
785,3648
876,1287
802,975
909,1570
940,1390
942,1392
779,1161
469,1130
922,802
389,1377
699,2026
557,2292
575,1160
906,1738
537,1242
835,2611
551,1668
779,1526
778,3577
1717,1390
433,1703
607,1569
1980,2083
618,1449
695,953
288,1098
815,910
431,1375
988,1917
796,1637
862,2018
1397,1179
599,2775
1126,2366
411,386
600,1848
750,1626
419,818
1788,2456
714,1488
1281,3261
388,1043
1348,2725
387,763
1070,3013
563,2155
729,4636
1254,2920
952,2118
1178,1445
1403,2748
1695,3597
456,1801
745,3873
2435,2581
621,904
824,2206
1071,3429
491,923
550,818
499,1896
272,669
1397,3280
607,1513
408,1102
1319,4686
1305,1438
567,1539
553,1112
880,3758
1415,670
1406,1754
724,1549
1218,7451
469,2198
2577,1666
641,2790
1059,2196
1139,1928
599,1321
841,2528
755,1963
999,3822
1144,5396
411,888
621,850
596,2707
1198,1598
775,6072
596,1224
500,1855
881,1582
523,1510
744,3685
1033,5221
840,1221
536,1624
1313,4617
514,779
760,2425
1311,3229
203,936
691,1636
1493,3685
385,1258
1273,2758
1471,2146
850,6905
423,2659
658,1347
587,827
498,2081
978,1656
1005,2074
922,2251
391,921
581,1300
334,1158
908,1688
845,1957
398,1315
765,5660
501,1182
792,2720
355,1520
324,883
1196,1049
3171,784
756,1608
1074,2715
592,761
629,1375
1387,2859
617,1758
539,897
1015,1878
1231,2274
808,1600
390,823
635,784
452,1377
322,1267
561,1375
292,1088
530,2089
1535,6534
818,698
915,2631
952,3102
897,2662
921,3611
674,1458
743,2063
1126,2668
2022,5037
529,2476
961,2828
1012,1625
811,3101
460,1749
182,900
1107,3056
885,964
403,1624
469,798
437,1463
859,2691
341,726
1032,1745
822,1669
620,1735
376,857
497,3339
436,2274
1326,1842
1562,708
896,1633
839,3923
606,1975
402,3690
1048,1709
478,1653
692,2054
375,1154
584,987
1153,605
651,1028
475,1036
507,1001
1436,2214
193,540
1102,2319
197,657
914,2952
1372,3510
1175,2215
428,901
1182,3427
412,881
486,1513
1085,4401
974,1296
342,1029
1507,2843
2601,2066
1143,5151
1120,4311
345,2819
947,4262
609,1243
686,2034
883,4206
1480,4033
326,443
492,2324
644,2198
288,1243
970,2585
896,2127
871,1677
1242,1824
871,2568
678,1944
2262,4707
633,1993
284,1247
242,854
428,2242
656,1090
1348,4277
531,778
581,2320
666,2164
1361,3578
801,1472
568,1689
704,1844
712,3037
560,1097
642,1884
253,984
412,1933
1173,4840
446,1650
461,2720
1130,903
2186,5669
1227,1120
729,2073
549,1230
1443,6017
591,948
249,1158
927,793
686,1117
1114,1530
692,3858
694,1299
1231,4322
934,1603
649,776
652,964
710,1811
1046,5293
1970,2648
454,1200
1150,2550
880,2862
923,1470
321,656
686,3123
885,2460
890,851
1418,4065
925,2142
972,3312
1157,2363
728,2590
660,1581
863,2686
1522,4263
806,9689
910,1448
650,2190
1147,2692
517,2088
1076,3706
1658,2722
1456,2180
809,2739
622,887
995,3523
2076,7836
1561,2042
297,971
708,3676
387,1619
997,2556
1248,1870
1520,3405
478,1347
664,1724
662,1591
504,912
450,2154
445,444
2738,3695
963,829
728,7147
915,927
1115,2577
445,1597
822,890
1542,1195
972,2358
1000,1844
756,1928
1277,4216
755,757
889,1536
1588,1884
1207,3064
845,1602
890,2147
1230,2858
1428,3349
1231,8706
361,2186
273,714
406,1051
716,1560
869,1524
939,5801
740,1873
920,1360
409,2010
1633,1638
1002,2189
1392,1605
993,1950
923,1392
1238,2270
602,1653
508,2076
1015,1422
745,1642
869,2946
776,885
685,1340
304,622
1872,9071
1351,1225
1017,1600
446,3314
1235,2322
1218,4231
857,1745
1054,3540
530,4270
710,2654
1447,3511
1479,1257
993,1211
1785,1946
1517,2055
558,1470
801,3278
725,1361
1125,3154
1939,4025
668,4976
588,733
1000,3254
989,1969
455,846
1349,1326
640,1575
1206,2415
1109,4914
716,611
469,2716
1846,2822
967,1455
757,1494
609,1787
436,1195
826,1483
1510,3932
430,1557
667,1390
1026,1484
708,968
575,2669
491,1129
461,1128
379,559
203,558
1111,2372
309,2340
333,855
775,1837
509,2721
581,1733
643,1867
818,4194
256,655
544,2058
399,1273
496,1200
1277,2194
956,2152
692,2321
942,1890
560,925
523,1452
550,639
701,2964
907,3055
465,1307
1230,2468
1000,1704
1800,3047
502,1165
585,2611
532,2695
398,1791
580,700
495,1215
390,1161
874,1633
441,677
1177,2088
347,1246
565,1787
841,5522
767,954
1343,1831
736,1550
1369,2503
1610,1992
1194,3402
869,2470
204,672
915,1154
660,1271
550,2160
528,1334
283,1441
1074,2269
1479,6098
813,1158
1788,7118
928,4207
1252,3580
1208,1324
1448,2309
590,2690
529,1340
297,1056
1009,838
1631,2486
1064,4241
484,928
1155,4670
667,3971
874,1233
1406,1789
336,1243
748,877
1114,1309
495,2550
1158,3307
909,2460
487,1648
344,878
742,3220
656,1538
1470,1487
822,1449
702,2960
778,2769
1012,2168
390,566
639,2092
1164,1017
511,991
675,787
679,1203
1499,2161
812,2070
409,952
1482,2350
522,2258
542,1202
1108,1120
790,735
513,1436
355,1367
841,1044
680,1270
644,1587
273,663
985,1482
362,1662
1060,1879
377,1417
1312,5160
905,869
871,1351
546,923
824,2569
673,1045
462,880
730,1892
728,1942
948,2226
566,857
410,1172
281,1034
621,1965
419,1659
351,814
497,1034
838,1179
340,768
1003,2428
755,1408
1098,760
702,1413
680,1459
507,1281
807,1025
847,994
454,2038
472,1049
812,1569
580,803
863,1713
1105,2302
491,1319
992,2310
465,1737
551,2614
1252,1586
693,1528
650,1351
623,1491
1099,2074
788,1313
1197,3724
1071,1340
603,2320
604,1290
762,936
238,840
1336,2657
913,483
704,1478
623,1194
475,960
1100,1325
1029,1029
521,6138
891,2233
694,1286
467,1383
1291,2395
814,1578
262,1141
949,4519
405,1313
742,1824
667,2007
1059,1994
1003,1689
1072,2150
1034,1746
461,1959
974,998
884,1273
595,1041
573,1115
400,1074
681,944
1221,1626
451,986
796,1818
747,1248
861,1986
562,1755
640,1725
1074,884
808,1741
681,965
1437,2368
905,2747
1407,1558
882,681
1266,1552
333,1243
793,2868
957,2520
562,1830
1322,3236
422,1118
873,2551
704,2497
430,988
671,1643
1235,2532
500,1669
547,932
847,956
689,1547
1730,3389
705,2066
626,1732
378,1409
982,1043
1452,2049
1163,3322
728,1115
949,4646
194,1694
3292,6389
1924,3796
417,1933
1172,2176
969,1887
552,1222
483,1140
764,1831
1114,3333
913,2309
1010,4064
639,2802
608,942
236,893
757,1412
844,2093
338,1274
1096,2519
498,1514
1484,3766
1031,2017
1198,2927
670,2643
684,1914
570,1452
767,2997
1288,2489
648,1486
676,4212
1198,2535
950,928
430,1470
1556,2115
805,1405
804,2326
1218,4787
1452,4795
710,2232
712,1277
790,2167
680,2402
1358,1625
611,1336
724,1132
846,865
796,1482
660,1233
537,2140
647,1503
841,1745
1585,4394
584,1185
743,1723
570,2318
971,2334
658,1759
526,1010
1119,1851
609,1131
349,1344
602,1315
377,723
1355,1325
716,1463
523,2686
740,2875
1087,1631
1420,4082
257,562
985,1600
664,1520
1623,2859
623,559
1100,1327
464,1207
648,1895
423,823
715,1325
770,1946
757,3024
779,1062
592,2110
796,2082
795,2631
727,1155
705,1547
1406,3743
942,5147
342,586
825,1163
432,542
323,875
810,2939
851,1560
512,1327
293,975
394,860
338,925
1188,1239
235,1181
747,1123
2353,3458
832,1589
1498,2015
475,2336
532,1756
481,1368
1304,2369
643,1018
632,2439
660,3066
846,971
335,1071
383,1251
461,4041
2506,2817
781,2288
1011,1053
1519,1459
1387,2441
1548,7605
823,2258
1200,2714
372,2661
189,443
535,1063
543,1591
866,1522
620,688
2027,1682
554,1252
599,1613
652,1702
835,974
818,974
1165,1455
977,5108
1138,3398
926,6773
1160,2490
1005,2751
501,1223
990,2880
569,809
838,761
995,2345
712,1324
746,1062
904,3308
1129,1304
546,1054
651,1677
710,3303
398,923
900,6550
345,713
564,965
753,5507
889,2147
998,1008
825,1379
553,706
609,2674
964,3283
932,2064
832,5278
964,3963
938,2362
1492,1914
955,3205
1673,2203
909,2766
537,1665
528,471
685,2004
237,681
773,1626
817,1124
725,1195
968,1461
1149,1955
406,3299
995,2502
1119,4459
1155,4272
1346,2294
674,1722
642,1332
1509,2808
730,778
613,1561
1046,1629
922,1315
703,2272
874,1727
279,1021
954,1113
1501,1883
753,1897
713,880
646,1464
1086,1571
763,3099
1098,2403
803,792
656,2275
428,1620
878,1389
902,1307
989,1655
1628,3493
1206,3270
1282,2112
935,1652
386,1496
495,1182
1009,660
349,486
480,1389
921,2109
1216,4312
825,3151
685,1440
511,1023
1172,3580
375,851
648,1166
975,796
510,2209
639,1441
642,1414
2233,1568
607,1674
658,2298
504,762
637,1206
296,1427
647,2193
821,1040
939,2386
833,1882
983,719
2025,3718
1604,4567
732,1400
862,1479
1365,3632
634,1908
893,736
685,1122
814,1662
1197,2210
456,723
871,1416
309,938
305,1072
1573,4827
498,692
1027,2537
850,1295
708,847
695,1100
674,1706
986,1551
1062,1038
182,727
993,2421
1106,1529
911,3001
1292,5739
1053,2547
367,725
360,1076
855,1559
1385,3549
349,1826
1574,2877
635,1244
1695,2878
613,2371
551,877
1456,13260
669,1178
766,695
1796,5448
1299,2355
634,1339
628,1180
347,1476
427,1584
856,1927
775,706
794,3750
968,2542
490,1219
632,1384
811,2267
1079,2214
978,1635
931,2122
993,1195
426,979
1039,2064
726,1586
436,1334
903,3546
706,1019
2198,3477
705,1823
431,871
1346,1015
491,1268
366,1247
1003,1600
831,3300
693,1638
389,892
395,3597
513,547
1198,3119
657,1509
664,1261
366,3801
294,704
371,1823
333,713
941,7840
351,1065
1291,3758
1963,4181
871,1868
734,2612
978,1196
1021,1966
1140,5416
342,758
610,2227
542,886
935,2582
1023,719
962,1169
615,1874
1160,1621
347,884
1487,2488
671,916
906,1218
430,1475
397,816
1233,2552
415,1185
750,2127
697,2080
340,1069
652,2136
611,1692
2367,5407
970,888
1192,647
825,2318
1073,1421
681,687
675,1091
446,2635
1851,2154
760,3536
1366,2138
1496,2368
1487,2852
286,1220
714,2050
787,2085
817,2146
592,1299
643,2216
793,1465
1527,3990
1004,998
542,1168
254,616
1011,1753
670,706
721,941
612,3341
1487,5216
716,627
1135,2297
667,1795
1091,1569
857,1629
1005,2159
864,1168
841,1338
1170,2483
330,673
995,1520
682,1125
384,1259
670,2365
1196,2082
779,1686
449,1815
639,1671
1481,1674
1489,1920
650,1462
1117,2111
1041,1240
801,1493
558,1587
775,1141
651,825
416,1474
561,1784
633,1297
845,1549
674,1358
850,2639
518,1856
1026,1458
531,1417
936,1375
705,1774
415,1027
552,1075
832,1546
622,6400
948,1138
499,2347
537,1404
654,1476
371,1342
436,886
1283,1471
286,656
608,1056
786,3091
1032,3491
826,2997
503,1741
1210,1218
414,2868
643,1712
1060,2151
1267,1328
821,1514
536,857
454,1527
1593,3085
596,1783
1314,2032
381,1050
771,7081
535,1612
577,1827
813,1138
279,3186
1532,3557
487,2085
556,752
905,3334
420,879
559,996
2139,6023
1837,4994
247,521
1410,3037
870,2164
1170,792
929,2621
646,719
1638,1743
360,1321
1075,3104
1105,1813
815,4334
1920,1198
1939,4327
594,1014
964,4328
659,3017
586,1108
563,988
1236,2180
367,1686
1207,3296
789,1326
166,840
472,1006
685,1809
804,1784
934,4637
1241,1703
858,2108
1546,3323
835,4395
976,1312
1789,2703
1086,2107
778,1823
582,470
993,1365
665,2591
2561,4041
997,2099
592,673
781,2376
1075,2674
1116,982
1144,2366
636,2202
925,975
548,1284
742,1637
2083,9021
833,1191
267,1341
595,1649
939,3199
623,1613
1018,1428
298,1077
1126,3456
395,1052
912,1652
384,838
786,1224
1575,3391
775,698
891,1116
1525,3890
670,1693
248,642
608,2395
1291,2774
1095,4506
1094,2416
1357,3165
384,1442
1021,1819
720,1187
679,1953
428,824
633,1464
490,2119
425,730
505,1607
946,1583
1424,2243
524,2956
606,1095
866,2180
590,883
577,2279
1939,4795
1080,1214
1080,1730
581,2128
693,1547
1692,4694
617,3955
842,1600
964,933
792,7413
1443,2471
1107,1254
600,913
839,4801
1213,4316
1263,1429
631,2041
1028,2081
608,824
474,1153
1868,5409
1097,1630
851,2580
554,1265
879,1858
680,2632
324,1633
728,2135
1134,901
1043,3841
408,1935
569,1949
660,1832
730,1264
1059,1220
368,795
531,1220
702,4410
969,3518
560,1562
808,2400
817,1226
630,1225
1254,2211
2053,5422
522,1556
851,1162
413,1232
271,1627
1097,2167
1128,4447
1054,2290
1507,2584
941,4658
783,1393
871,3158
493,1139
944,2686
653,1189
834,6947
310,713
903,2757
840,2620
1117,1747
1356,2153
1067,1868
1150,2627
832,2359
899,1184
1487,2561
1664,2017
1046,1413
956,1366
321,1029
770,2157
819,2301
964,4332
1203,2331
1047,1578
1080,1706
818,3074
1089,1441
788,1501
1043,1157
830,1231
888,3950
764,774
617,1525
720,3126
881,2363
727,1955
927,1967
1181,2902
957,2517
1826,3760
1590,3631
1305,1953
767,1391
558,2008
667,3086
614,1992
825,2500
549,736
2728,1800
3255,2107
1064,4035
639,859
1035,2858
662,1953
732,1063
3670,6310
519,2171
614,3884
798,2899
1018,1472
611,1314
269,1824
585,1547
753,1174
692,853
871,1735
448,1711
971,1793
818,1653
3569,4742
664,676
2196,5015
955,2283
809,2342
801,3947
694,1037
476,1181
423,625
683,1653
1057,1272
697,1308
1677,1957
1374,1581
928,2179
1427,3117
560,3151
648,698
682,1218
656,1658
1281,2570
794,1042
622,967
899,1854
682,939
1210,2553
1272,2058
886,1938
787,2284
922,3717
1581,3390
897,3079
690,1658
501,1839
610,1904
560,1221
1736,2716
373,473
499,1267
1305,5148
823,1869
950,1927
677,1777
626,2877
961,2256
947,4202
1952,3736
1000,2600
484,1339
663,2987
1167,1464
506,1286
315,924
567,1391
612,1512
351,613
993,5811
928,3881
440,1688
948,1995
1017,4426
853,1413
780,2379
768,2251
498,1198
406,1010
740,1554
940,4076
1154,2931
1313,1354
328,818
418,1767
864,2345
768,1551
910,3890
1110,1606
1675,4513
2139,1351
876,1249
689,2751
440,1020
679,5086
705,1838
1221,1872
693,2124
750,1140
341,651
355,1561
524,2112
265,755
280,1431
894,1032
601,1100
625,1473
891,818
679,1295
960,1349
987,1926
868,1048
895,1270
1703,2173
746,1623
330,1365
738,1029
1555,691
1287,1160
897,1492
574,1393
536,1080
850,1602
315,1840
427,949
1056,1386
462,1282
1009,1778
692,1376
1183,1999
886,1666
253,875
841,1953
298,746
828,2835
844,1594
805,1840
848,1822
570,2139
339,690
750,1646
602,2080
895,1385
1530,1026
600,1040
780,1945
1041,1168
912,1871
450,1895
815,2653
770,1257
535,1662
628,1699
289,1045
761,1152
893,1790
290,1918
363,951
630,949
887,3367
616,5231
432,932
703,1117
596,1929
876,1680
532,3049
1052,1646
627,2813
400,1456
671,1088
920,2692
551,2843
514,1898
1150,4092
741,1367
1098,871
265,1704
1295,2038
659,1595
729,1924
377,1456
351,862
1680,3235
902,2334
2292,3321
1622,3600
602,1062
683,1452
1956,2973
693,2804
1312,2797
2673,3998
957,4583
2999,3747
1169,1737
808,5366
972,1133
1114,2485
559,1081
3187,5286
933,704
957,1629
779,1093
743,1667
1167,964
2175,1812
387,8214
844,2973
781,3238
1174,2518
758,943
520,996
1353,1949
869,2357
1825,926
563,2985
1347,3661
893,6698
528,1069
829,963
1716,1825
634,1859
622,1746
1800,2506
1003,2399
367,988
1052,1313
535,1773
310,921
1843,5067
1100,4281
615,944
936,1894
828,1532
319,1550
995,1195
999,800
1612,2643
1847,5696
517,609
467,760
536,1501
698,823
900,2380
723,1634
561,2550
2814,2530
484,926
621,1258
460,553
480,1032
692,1280
1761,5381
708,2175
524,1543
577,890
515,1072
1034,3720
852,1792
1368,1106
999,5337
711,1856
525,1401
545,1115
685,1402
808,2202
1149,1670
376,902
488,1978
382,498
1506,2056
527,1773
572,1349
1745,1706
689,1297
1964,2251
472,1224
606,691
1047,2116
350,727
1437,1025
555,3128
1099,1459
714,936
557,1583
1461,2877
648,2662
814,1118
603,1993
816,1537
894,2265
797,920
1361,1154
737,640
1102,2373
592,921
1630,3560
2879,964
866,2855
265,869
888,2374
844,3357
738,2249
865,4410
612,1062
975,3364
1314,2466
710,936
1002,4029
832,1838
972,2627
842,949
571,3259
744,2010
773,2181
1017,1706
661,1865
582,1220
1266,3238
1282,2353
1024,1887
713,788
1647,2064
541,809
446,1046
754,1217
749,1372
810,2179
756,677
613,647
1303,2151
1161,1201
1767,1360
554,1177
586,631
1827,1658
515,824
836,1246
1150,2002
488,1012
3419,5130
1071,2710
327,863
650,711
1157,1150
1079,1571
1106,1403
1735,2794
1665,2832
2971,6035
950,2506
839,590
1014,2048
731,1832
704,1186
840,1760
639,1114
824,1757
698,1145
384,1147
833,947
543,1876
578,777
570,1774
1222,1524
736,562
963,3002
1378,5076
849,2872
346,802
1165,1956
3079,1899
1077,2256
1081,935
561,1442
1974,3470
1057,3378
955,2403
1129,1477
598,678
585,1192
842,1205
1233,2328
330,1679
1270,2326
1565,3224
928,2343
1745,5085
884,3090
851,1774
633,1070
1110,1296
485,829
949,1446
591,1014
454,955
668,1255
1027,1471
591,1036
2057,4906
1290,3883
566,1025
1064,8091
630,938
781,1208
665,3900
841,676
840,1547
865,1246
1062,2425
1043,1400
740,3642
1085,510
546,663
662,1955
980,1954
947,2147
1038,1460
816,1357
774,4324
1807,1911
613,1810
479,1842
1941,2196
648,1611
761,1434
3997,5985
615,5398
483,721
1732,959
1763,3226
875,2518
525,773
864,1303
953,2109
726,1807
1137,1526
328,758
1169,877
899,1245
1782,3758
910,1203
768,2139
333,1407
918,1372
218,948
1241,2048
538,1400
691,1420
1312,1615
927,1565
641,1381
1018,1187
740,2230
825,755
581,1268
617,2100
718,1557
1305,2966
644,1590
1041,1514
1840,3407
2606,2262
1165,4570
1077,3532
537,1108
668,2159
710,2439
1038,2287
720,1451
410,681
1007,1094
356,815
780,670
1904,5199
1265,883
2183,2786
1540,3771
1172,4652
578,881
1427,2551
604,1297
753,1422
992,1663
886,3232
307,1004
723,1236
1884,1981
831,2689
859,1221
781,1845
2603,5571
976,1993
347,3370
604,780
715,2367
749,1461
798,1283
1346,1738
725,826
474,1353
318,1056
543,927
778,902
832,2115
842,1188
903,931
944,2074
759,558
944,1063
1019,2012
488,947
1259,1421
461,1465
547,1031
999,2089
384,1882
1132,1477
382,786
471,1751
1134,3671
988,2396
377,1156
786,3340
918,1231
908,1829
2663,3901
1329,3283
1151,1004
517,617
591,1364
641,433
1147,2744
630,1748
1092,1468
681,1647
686,3002
759,1827
620,1620
482,1313
2274,899
188,588
884,1259
842,2808
765,1000
420,1339
1120,1803
894,2482
559,1410
711,3295
923,2560
455,834
1312,3009
958,2747
583,2806
1398,1758
299,802
565,1890
1163,1390
641,1066
589,1061
973,2583
484,910
989,1230
413,1158
477,660
1010,4727
455,1303
879,2591
903,1865
717,1628
831,860
948,1434
689,890
394,771
375,772
979,1999
917,1296
611,2559
1021,1516
890,1601
535,1747
477,1152
769,1607
421,708
847,790
425,2003
988,1229
1141,1244
1004,1127
396,1706
1286,2648
867,1235
1247,3150
1053,1615
577,621
1242,2106
1464,2785
1178,4286
1071,1883
468,742
1445,1866
811,2509
2394,2936
710,2047
467,1142
356,819
891,1902
1413,3703
663,1092
740,4356
576,1799
798,2676
1013,1016
1554,2176
1234,2347
1199,2257
528,1119
1017,901
982,2753
802,3775
1649,621
1266,3190
948,1977
1681,2440
676,911
412,2965
301,638
790,1458
886,2276
241,1735
732,1712
496,979
1026,1845
465,2335
993,4804
944,1168
418,1135
903,1401
1397,834
1322,4712
687,931
761,1326
579,798
878,1171
994,1679
444,800
799,4123
1107,9400
757,3447
781,639
445,1169
366,1591
714,1255
935,1646
1294,2543
537,1244
922,3244
783,1791
516,1318
318,984
654,2519
718,945
1533,4373
830,3948
485,2219
1148,3200
953,1819
1358,1771
411,924
1762,1530
416,1686
867,1735
3007,4763
612,1096
682,2143
1501,3314
532,1045
718,1095
609,3215
778,1745
619,1765
729,1336
1917,4762
401,826
992,3023
2135,3942
693,1425
472,756
555,2564
950,2202
904,1948
556,1669
882,1401
455,1133
1150,4166
976,784
615,751
733,910
2221,2988
1014,2689
985,1299
749,2978
558,2626
711,2172
1069,2725
889,1874
988,2659
411,1072
355,1303
1358,1796
1188,1925
988,825
1178,2206
1786,2992
608,1322
824,4035
1163,4846
953,1066
1198,1370
654,1386
704,1374
765,1748
807,1370
2100,2688
662,2618
1028,1377
603,1113
808,4098
473,653
804,2501
2288,2173
612,1348
983,1772
1087,1049
1412,1442
699,2525
755,1888
604,1281
1291,2546
651,1402
1935,2520
812,2360
1333,1131
2258,2011
618,1258
870,1459
810,2763
1062,2349
578,823
942,1294
1382,2361
1382,1872
744,901
514,1134
1587,1931
944,1165
876,1418
668,1618
1043,1819
588,748
1332,1055
1067,1875
1623,2073
562,1789
979,1555
279,870
1113,2656
300,794
860,1158
566,1659
1770,2407
1025,2585
828,2810
683,950
1350,1962
799,1507
644,1423
644,854
903,2047
1544,1247
1190,1282
1150,2637
1959,1810
721,1383
924,1897
1385,1447
275,861
682,1307
1109,2279
768,940
958,1592
1628,2401
403,1881
791,1298
1031,1818
844,1320
951,711
693,1584
1029,1541
585,1913
572,820
1540,2216
641,942
677,2403
640,705
791,1433
1598,1721
935,737
1133,6335
1248,1299
1561,1731
869,1989
1054,1063
921,1630
667,1315
969,832
465,1133
1230,2574
750,1122
655,1353
1082,2250
443,640
383,2578
616,1238
2187,1886
613,850
700,772
1040,1555
880,1349
974,1959
829,585
687,2273
217,1376
1127,3509
485,803
736,1264
878,1080
965,2089
229,753
682,3511
901,2651
572,766
1189,1822
1831,3447
1048,2456
2254,1739
222,681
621,620
1123,2467
840,2183
466,661
1352,2849
486,1495
635,694
806,1723
1188,2847
591,611
817,1664
1019,2001
1067,4093
634,4073
696,1468
725,1017
818,1314
742,1728
1054,1403
1236,1488
1451,2213
883,1023
579,958
678,1556
1365,2257
488,1416
450,900
1946,2595
728,2550
734,1381
758,612
677,503
810,2262
792,1336
610,1742
794,1518
1612,2856
677,1584
390,488
661,6302
898,1214
409,1097
971,1202
449,708
807,1447
417,1971
988,2310
1282,3186
836,606
663,780
343,1363
1043,2748
932,1531
751,1243
1222,2261
1489,3174
577,1125
1435,3318
702,1314
311,687
1178,730
934,1321
507,1009
592,1795
861,1870
984,971
1032,1586
1295,2683
1729,2515
1314,2874
807,3722
1404,2300
543,2040
1127,2320
1874,3241
753,2600
451,2181
416,796
442,939
3250,3973
879,2647
503,1120
412,1286
842,2156
808,4981
798,1982
806,2014
1010,2866
939,1673
1239,1936
606,1843
465,2142
493,889
817,2990
755,1360
807,1322
841,2032
1262,3646
1236,1870
816,904
1141,1606
479,712
1478,3219
842,1931
543,1135
1497,1234
661,1930
950,1453
278,779
806,656
1194,1392
974,1591
1011,2557
1419,1147
1024,1401
867,1778
1220,698
995,2448
1234,1494
755,1317
1039,1141
1359,3462
917,3029
804,1548
784,1861
892,1267
1141,2134
1682,1999
494,1693
762,937
1269,1291
838,1160
910,3359
957,1748
1161,1649
1391,1813
334,394
686,743
380,669
406,1183
383,986
2379,4473
983,3130
671,1158
832,1969
672,1243
858,2467
540,1072
1215,1982
1146,2176
425,1336
539,1176
1241,1366
2648,1207
1036,743
1097,2147
572,1382
677,1766
501,866
896,855
1029,2755
1874,3111
765,1100
829,1211
1201,2426
1448,3734
817,1155
666,1035
972,1291
1395,2423
651,2019
958,1282
825,1584
1791,5226
1588,4881
1189,1393
1300,2295
672,651
531,1114
963,1527
1373,1743
871,3358
729,1021
801,1573
899,782
628,1442
559,941
1515,3081
608,1667
1575,4491
646,1283
615,2041
1529,4348
338,822
588,1432
438,1012
813,2896
454,1292
423,1470
1412,2008
650,935
1069,2581
288,644
1077,825
1418,1029
729,1167
1517,1769
560,868
1018,1398
1034,3506
601,1687
996,1126
898,3173
844,2496
877,2214
781,2793
602,1765
1283,3553
835,741
773,1768
1130,1552
1860,2022
242,1079
1177,2659
686,2575
1004,3365
202,717
468,874
697,1074
413,893
1306,2677
1079,1290
642,1647
1424,1422
2271,2426
1292,985
365,778
707,1099
1182,3410
1001,2884
1798,2586
986,2638
587,637
1206,1839
971,2272
2708,3795
1705,2150
544,1860
898,1988
1214,1720
908,1107
839,1018
742,1819
570,691
1719,3840
716,820
921,2020
779,2432
1140,1957
901,1134
924,1646
490,786
583,984
1052,1654
1333,3371
508,711
1112,2447
813,1392
902,1105
629,1857
786,2546
856,3167
901,1219
549,771
1680,3519
347,835
550,1348
975,1263
364,702
448,1212
587,546
766,1205
498,703
1208,3796
1145,3425
753,1225
338,1479
432,507
722,875
1090,2635
449,1229
1550,1662
918,1863
915,1072
765,502
953,3131
1151,2212
1073,1798
618,1209
959,935
760,1600
1680,2671
946,1834
785,1446
852,1822
1323,1724
927,1635
494,1119
394,758
537,555
693,1491
429,1080
934,2213
1116,3620
1463,3542
1336,1278
372,565
1799,1251
1825,6114
1155,2019
631,1081
950,1402
1055,1839
836,1056
1500,1717
786,718
1980,3498
1058,2392
415,978
566,1125
759,1653
1029,1771
930,841
1180,1012
721,1472
835,2507
1701,1849
710,944
2070,1886
1012,2022
1689,1410
495,1002
523,1365
1681,2175
1182,2239
916,1296
1779,2987
848,1873
847,1296
625,1605
717,517
628,847
693,2779
802,1207
1462,2003
738,990
1412,1304
733,1371
457,982
1542,2084
984,1662
1284,1576
1093,1990
919,1125
955,2157
615,498
1146,4502
1118,1211
1520,3002
882,1480
891,1410
833,1554
631,1603
983,943
868,1557
1197,1712
728,624
1135,1729
1143,2100
505,1021
688,3320
518,1343
499,2147
532,1178
1500,2725
1657,1379
699,1460
694,984
1304,939
1072,1849
1723,1078
562,1385
611,1687
1652,8308
1713,3192
870,970
1145,1453
1067,1622
1546,1877
842,2609
649,1065
3673,2470
997,2755
982,2677
987,1382
1763,1795
1597,1349
820,1385
1150,2940
913,2032
1721,2281
1091,1512
1699,2043
1092,1979
1240,2359
1247,2521
1572,1706
883,1993
1097,1020
1510,2911
802,1228
745,790
1194,4296
983,1667
1198,1011
1181,2693
796,3319
2328,3035
458,1717
1045,1438
1261,2758
810,2761
669,2043
1223,1875
1065,1746
427,1137
1283,1106
423,2436
1331,2878
1398,1962
594,1362
739,1639
380,1017
806,731
1018,1330
833,2608
487,1724
777,1560
1146,2623
908,1300
850,1362
1229,2643
752,1572
1357,1817
1305,1332
844,2917
964,1090
818,1804
1490,1277
558,987
830,1911
1331,3206
1087,2817
877,1049
928,1518
671,1163
843,1685
573,2535
978,2509
751,1304
924,1619
851,742
1196,3532
986,1820
968,1736
335,1745
1821,3462
1075,857
1730,2387
622,2441
1172,2703
706,1046
1170,4099
2235,2925
1212,2109
1108,2978
838,1434
719,2558
1036,1710
2114,3909
1552,1355
670,1958
898,1329
573,1418
839,1297
1543,1181
1035,852
1176,4536
1977,1887
884,793
1215,1209
1469,1350
917,655
1005,2609
1094,1925
874,1453
779,1450
644,1095
1295,4482
894,1226
1857,4177
665,1885
1645,1794
1254,2798
1009,2871
834,2712
907,1269
1155,2197
1265,2823
817,1761
2505,2586
957,1331
811,1946
1256,1734
1220,2775
1517,1409
902,1694
983,5392
1168,2709
1021,2491
855,1604
1080,1950
944,909
757,1734
625,3069
692,1954
1210,1756
1237,2919
819,3172
895,1698
789,2347
1556,3882
757,1275
1340,1584
853,3311
912,807
546,1772
1424,2465
1411,2665
1446,730
1358,3820
873,1522
1541,4102
571,899
1521,3848
467,966
938,915
794,1718
1540,1421
1320,2800
877,1784
1303,1874
1616,3933
930,872
645,1425
912,1513
783,1517
986,2534
1073,2119
1143,1187
1450,3088
682,1552
1260,1481
919,1738
1048,2301
1303,5288
955,3273
370,812
982,1372
2765,5557
1506,6105
1582,2025
1310,3616
1325,2662
810,1691
768,1568
1582,1023
1253,1542
1193,2377
583,1522
1213,2396
799,2127
1330,1589
842,1128
569,3579
682,1342
697,1507
1352,8197
1126,1810
427,2429
714,1203
984,1668
1585,3008
2805,6377
407,1791
1763,2582
1034,1591
1073,2377
603,1249
1640,2140
418,1037
801,1511
818,1142
710,640
1141,2111
1100,2793
762,1829
564,1737
413,1461
1415,2166
941,1839
997,1871
1836,3664
1400,1239
900,3230
259,2039
730,2539
481,940
969,1513
963,1772
930,2225
1504,2325
1388,2672
1443,1739
1133,2856
799,668
1048,1645
771,2490
1484,4103
1551,5220
838,2294
1599,2200
822,2956
1026,2524
765,1944
1785,2473
649,2412
924,1935
1155,2849
1190,2402
1337,1548
1615,1962
1489,1891
1121,1085
985,5969
933,1881
824,970
1077,4225
820,1665
1242,4067
639,1631
1208,1318
1217,3392
1925,1408
1245,2710
783,1650
1026,1997
704,3160
1074,2514
1637,4084
1624,1960
852,1473
618,1137
725,1694
1045,2385
804,1150
1107,1101
2378,3060
705,1749
1846,3946
862,1889
1484,3541
1665,1280
1204,4000
718,2706
1875,4656
1128,2303
2305,2874
355,1204
563,1111
1169,2078
808,2304
950,2764
1567,1777
1499,1762
997,1366
1141,1618
1373,1718
1058,3353
755,1885
605,1679
1167,1008
531,1395
551,1075
889,2322
940,1477
1475,1749
1105,3242
1673,2965
1606,4604
1056,2397
658,1390
1334,1762
1136,3352
1666,1882
494,606
2426,2039
1358,4878
670,2466
948,2976
2252,3179
920,2110
1939,3559
828,2930
624,1719
647,1531
1593,2929
1074,600
699,3076
871,1155
1139,2637
1330,2416
1194,1966
539,2064
1364,4085
767,1130
1644,4269
1087,4100
3780,2825
1202,1953
1157,2078
663,2729
495,1706
675,1715
497,1097
2177,1243
1377,4169
2513,994
841,1930
602,2439
1067,1565
1384,2811
1177,2816
1230,2089
1240,1794
819,992
2544,1554
1192,3352
807,1295
1461,2069
1076,1942
1120,2224
3153,1821
850,1469
873,1456
1489,4030
1065,1627
1300,2191
1072,3065
2235,6849
1430,1845
963,1219
667,1257
235,516
1027,3329
783,880
1446,1845
1113,2177
978,1815
733,1789
1119,2658
1280,1597
1295,4528
887,1754
799,1677
480,4017
1106,2327
841,2099
294,1300
847,2553
893,1127
934,2875
807,1324
1032,1845
1482,2067
1620,2848
1517,3060
1092,2244
1166,1534
840,2175
658,1680
997,1253
573,1897
1772,1497
1641,1842
1376,1593
753,1558
1245,1753
988,3669
977,1723
1489,2331
894,2232
1293,2151
1136,1643
2184,3200
1104,2560
1433,1908
459,1101
704,945
1869,2833
1277,2026
1027,2655
731,1481
332,1930
887,2818
912,3478
1225,2588
467,2050
1325,2409
1158,2140
2025,2479
526,1662
705,1874
1214,2773
1084,2227
1451,3871
1212,3212
1359,3568
976,1973
1660,2466
1112,2576
1417,2503
1058,2450
658,2358
997,1637
3013,3939
757,1717
2205,4536
1140,1728
1301,3532
960,732
1705,3204
528,1269
1413,2902
1089,4759
432,927
1041,888
906,1551
603,1238
943,1640
1170,928
1613,2828
863,2943
643,1215
2489,8565
994,2633
947,1689
614,1809
1198,1338
1091,2813
727,1073
1059,846
737,1603
1402,3474
578,895
1316,2861
1125,2154
1380,2010
634,1188
805,3299
1403,2948
1118,1661
953,1793
1038,1970
1090,1559
973,4486
840,1007
1237,1827
1140,2924
968,1169
478,1358
1130,1904
530,2336
1131,1634
1252,1747
1267,1848
849,1476
490,1061
1035,4259
965,2314
1094,2864
650,2580
907,1823
710,2047
1008,1512
1101,3403
2705,2400
352,885
826,1197
1217,2743
758,1368
1012,2106
1364,2667
1024,809
638,2510
1666,4049
1167,5280
997,1908
1168,2216
827,1261
1753,2757
1700,3398
846,1978
2030,2638
812,2447
1041,1286
1698,3136
1325,2028
636,2171
1287,1436
1086,2401
1029,1526
910,1305
1655,1888
1148,1375
1144,4535
1731,2813
1002,1497
1304,1424
1188,1330
821,999
1008,912
909,889
1352,2523
1361,1388
647,7143
1797,4925
